cr,descripcion,clues,area
700010009,COORDINACION ESTATAL DE VIH/SIDA/ITS CAPASITS,CSSSA017492,NULL
700010035,LABORATORIO ESTATAL DE SALUD PUBLICA,CSSSA017196,1.6
700200001,DIRECCIÓN GENERAL,CSSSA017213,1
700200002,SECRETARIA PARTICULAR,CSSSA017213,1.1
700200003,SECRETARIA TECNICA,CSSSA017213,1.2
700200004,AREA DE ATENCION CIUDADANA Y ORGANIZACIONES SOCIALES,CSSSA017213,1.2.2
700200005,AREA DE COMUNICACIÓN SOCIAL,CSSSA017213,1.2.1
700200006,UNIDAD DE GESTION DE CALIDAD,CSSSA017213,1.5
700200007,COMISARIO PUBLICO,CSSSA017213,1.4
700200008,SUBDIRECCION DE ASUNTOS JURIDICOS,CSSSA017213,1.3
700200009,DEPARTAMENTO DE LO CONTENCIOSO ADMINISTRATIVO,CSSSA017213,1.3.1
700200010,DEPARTAMENTO DE NORMATIVIDAD Y CONSULTA,CSSSA017213,1.3.2
700210001,DIRECCION DE SALUD PUBLICA,CSSSA017213,2
700210002,AREA DE INVESTIGACION EN SALUD,CSSSA017213,2.1
700210003,AREA DE PROMOCION DE LA SALUD,CSSSA017213,2.3
700210004,AREA DE INFORMACION EPIDEMIOLOGICA,CSSSA017213,2.2
700210005,CENTRO DE ATN. A URG. EPIDEMIOLOGICAS Y DESASTRES,CSSSA017213,2.4
700210006,SUBDIRECCION DE SALUD DE LA MUJER,CSSSA017213,2.5
700210007,SUBDIRECCION DE EPIDEMIOLOGIA,CSSSA017213,2.6
700210008,DEPARTAMENTO DE VIGILANCIA EPIDEMIOLOGICA,CSSSA017213,2.6.1
700210009,SUBDIRECCION DE PROGRAMAS PREVENTIVOS,CSSSA017213,2.7
700210010,DEPARTAMENTO DE ENFERMEDADES TRANSMITIDAS POR VECTOR,CSSSA017213,2.7.1
700210011,DEPARTAMENTO DE PREV. Y CTRL. DE ENF. TRANS. Y NO TRANSMISIBLES,CSSSA017213,2.7.2
700220001,DIRECCION DE ATENCION MEDICA,CSSSA017213,7
700220002,SUBDIRECCION DE SERVICIOS MEDICOS PRIMARIOS,CSSSA017213,7.1
700220003,DEPARTAMENTO DE DESARROLLO DE ATENCIÓN PRIMARIA,CSSSA017213,NULL
700220004,DEPARTAMENTO DE SUPERVISIÓN DE SERVICIO PRIMARIOS,CSSSA017213,7.1.2
700220005,SUBDIRECCION DE ATENCION HOSPITALARIA,CSSSA017213,7.2
700220006,DEPARTAMENTO DE DESARROLLO HOSPITALARIO,CSSSA017213,7.2.1
700220007,DEPARTAMENTO DE SUPERVISION DE SERVICIOS HOSPITALARIOS,CSSSA017213,7.2.2
700220008,BANCO DE SANGRE  DR. DOMINGO CHANONA RODRIGUEZ,CSSSA018810,7.2.3
700220009,SUBDIRECCION DE  EDUCACION Y ENSEÑANZA EN SALUD,CSSSA017213,7.3
700220010,DEPARTAMENTO DE EDUCACION EN SALUD PARA EL DESEMPEÑO,CSSSA017213,7.3.1
700220011,DEPARTAMENTO DE EDUCACION EN SALUD PARA EL DESARROLLO,CSSSA017213,7.3.2
700220012,SUBDIRECCION DE CARAVANAS DE LA SALUD,CSSSA017213,7.4
700220013,DEPARTAMENTO DE SUPERV. ESTATAL DE CARAVAS ZONAS ALTOS,CSSSA017213,7.4.1
700220014,DEPARTAMENTO DE SUPERV. ESTATAL DE CARAVAS ZONA NORTE,CSSSA017213,7.4.2
700220015,DEPARTAMENTO DE SUPERV. ESTATAL DE CARAVAS ZONA SELVA,CSSSA017213,7.4.3
700220016,DEPARTAMENTO DE SUPERV. ESTATAL DE CARAVAS ZONA CENTRO,CSSSA017213,7.4.4
700230001,DIRECCION DE PROTECCION CONTRA RIESGOS SANITARIOS,CSSSA017213,5
700230002,SUBDIRECCION DE SALUD AMBIENTAL,CSSSA017213,5.1
700230003,DEPARTAMENTO DE EVIDENCIA Y MANEJO DE RIESGOS,CSSSA017213,5.1.2
700230004,DEPARTAMENTO DE FOMENTO SANITARIO,CSSSA017213,5.1.1
700230005,SUBDIRECCION DE CONTROL SANITARIO,CSSSA017213,5.2
700230006,DEPARTAMENTO DE EVALUACION Y AUTORIZACIONES SANITARIAS,CSSSA017213,5.2.1
700230007,DEPARTAMENTO DE OPERACION SANITARIA,CSSSA017213,5.2.2
700240001,DIRECCION DE PLANEACION Y DESARROLLO,CSSSA017213,4
700240002,AREA DE INFORMATICA,CSSSA017213,4.1
700240003,SUBDIRECCION DE PROGRAMACION| ORGANIZACION Y PRESUPUESTO,CSSSA017213,4.3
700240004,DEPARTAMENTO DE COORDINACION INTERSECTORIAL,CSSSA017213,4.3.1
700240005,DEPARTAMENTO DE INTEGRACION PRESUPUESTAL,CSSSA017213,4.3.2
700240006,DEPARTAMENTO DE DESARROLLO ORGANIZACIONAL,CSSSA017213,4.3.3
700240007,SUBDIRECCION DE PLANEACION EN SALUD,CSSSA017213,4.2
700240008,DEPARTAMENTO DE EVALUACION,CSSSA017213,4.2.1
700240009,DEPARTAMENTO DE SISTEMAS DE INFORMACION EN SALUD,CSSSA017213,4.2.2
700240010,DEPARTAMENTO DE PLANEACION,CSSSA017213,4.2.3
700250001,DIRECCION DE ADMINISTRACION Y FINANZAS,CSSSA017213,3
700250002,AREA DE APOYO Y SEGUIMIENTO,CSSSA017213,3.1
700250003,SUBDIRECCION DE RECURSOS FINANCIEROS,CSSSA017213,3.2
700250004,DEPARTAMENTO DE CONTROL PRESUPUESTAL,CSSSA017213,3.2.1
700250005,DEPARTAMENTO DE CONTABILIDAD,CSSSA017213,3.2.2
700250006,DEPARTAMENTO DE TESORERIA,CSSSA017213,3.2.3
700250007,SUBDIRECCION DE RECURSOS HUMANOS,CSSSA017213,3.3
700250008,DEPARTAMENTO DE OPERACION Y SISTEMATIZACION DE NOMINA,CSSSA017213,3.3.2
700250009,DEPARTAMENTO DE RELACIONES LABORALES,CSSSA017213,3.3.1
700250010,DEPARTAMENTO DE CONTROL DEL PAGO,CSSSA017213,3.3.3
700250011,SUBDIRECCION DE RECURSOS MATERIALES Y SERVICIOS GENERALES,CSSSA017213,3.4
700250012,DEPARTAMENTO DE RECURSOS MATERIALES,CSSSA017213,3.4.1
700250013,DEPARTAMENTO DE SERVICIOS GENERALES,CSSSA017213,3.4.2
700250014,DEPARTAMENTO DE ALMACEN Y DISTRIBUCION,CSSSA017324,3.4.3
700260001,DIRECCION DE INFRAESTRUCTURA EN SALUD,CSSSA017213,6
700260002,SUBDIRECCION DE INFRAESTRUCTURA EN SALUD,CSSSA017213,6.2
700260003,DEPARTAMENTO DE GESTION ADMINISTRATIVA,CSSSA017213,6.2.1
700260004,DEPARTAMENTO DE DESARROLLO DE LA TECNOLOGIA EN SALUD,CSSSA017213,6.2.3
700260005,SUBDIRECCION DE CONSERVACIÓN Y MANTENIMIENTO,CSSSA017213,6.1
700260006,DEPARTAMENTO DE PROYECTOS DE CONSERVACION Y MANTENIMIENTO,CSSSA017213,6.1.1
700290001,DIRECCION DEL REGIMEN ESTATAL DE PROTECCION SOCIAL EN SALUD,CSSSA017213,NULL
701010001,OFICINA JURISDICCIONAL No. I (TUXTLA GUTIERREZ),CSSSA017225,NULL
701010011,CENTRO DE SALUD URBANO 3 NB ALBANIA (EL VALLE) TUXTLA GUTIERREZ,CSSSA007605,NULL
701010012,CENTRO DE SALUD RURAL 1 NB COPOYA TUXTLA GUTIERREZ,CSSSA007646,NULL
701010013,CENTRO DE SALUD RURAL 1 NB EL JOBO TUXTLA GUTIERREZ,CSSSA007651,NULL
701010014,CENTRO DE SALUD URBANO 3 NB PLAN DE AYALA TUXTLA GUTIERREZ,CSSSA007593,NULL
701010015,CENTRO DE SALUD URBANO 5 NB TERAN TUXTLA GUTIERREZ,CSSSA007622,NULL
701010016,CENTRO DE SALUD URBANO 4 NB PATRIA NUEVA TUXTLA GUTIERREZ,CSSSA007610,NULL
701010017,CENTRO DE SALUD URBANO 3 NB BIENESTAR SOCIAL TUXTLA GUTIERREZ,CSSSA007581,NULL
701010018,CENTRO DE SALUD URBANO 2 NB COL. SANTA CRUZ TUXTLA GUTIERREZ,CSSSA007576,NULL
701010019,CENTRO DE SALUD URBANO 12 NB TUXTLA GUTIERREZ CHIAPAS,CSSSA009215,NULL
701010020,CENTRO DE SALUD RURAL 3 NB ACALA,CSSSA000050,NULL
701010021,CASA DE SALUD LUIS ECHEVERRIA ALVAREZ ACALA,CSSSA000074,NULL
701010022,CASA DE SALUD CRUZ CHIQUITA ACALA,CSSSA000062,NULL
701010025,CENTRO DE SALUD RURAL 1 NB CHIAPILLA,CSSSA009121,NULL
701010030,CENTRO DE SALUD URBANO 3 NB BERRIOZABAL,CSSSA000651,NULL
701010031,CASA DE SALUD EFRAIN A. GUTIERREZ BERRIOZABAL,CSSSA000663,NULL
701010032,CASA DE SALUD IGNACIO ZARAGOZA BERRIOZABAL,CSSSA000675,NULL
701010033,CENTRO DE SALUD RURAL 1 NB LAS MARAVILLAS BERRIOZABAL,CSSSA019930,NULL
701010034,CASA DE SALUD SAN MARTIN BERRIOZABAL,CSSSA000680,NULL
701010035,CASA DE SALUD CONGREGACION AMENDU BERRIOZABAL,CSSSA000692,NULL
701010036,CENTRO DE SALUD RURAL 1 NB FCO. I. MADERO CINTALAPA,CSSSA000861,NULL
701010037,CASA DE SALUD EL ROSARIO COPAINALA,CSSSA009075,NULL
701010038,CASA DE SALUD LAZARO CARDENAS COPAINALA,CSSSA001380,NULL
701010039,CASA DE SALUD BENITO JUAREZ II CINTALAPA,CSSSA000960,NULL
701010040,CENTRO DE SALUD URBANO 10 NB CINTALAPA,CSSSA009191,NULL
701010041,CENTRO DE SALUD RURAL 1 NB FRANCISCO I. MADERO TECPATAN,CSSSA006736,NULL
701010042,CENTRO DE SALUD RURAL 1 NB NUEVA TENOCHTITLAN CINTALAPA,CSSSA000885,NULL
701010043,CENTRO DE SALUD RURAL 1 NB LIC. GUSTAVO DIAZ ORDAZ CINTALAPA,CSSSA000873,NULL
701010044,CENTRO DE SALUD RURAL 1 NB POMPOSO CASTELLANOS CINTALAPA,CSSSA000890,NULL
701010045,CENTRO DE SALUD RURAL 1 NB VISTAHERMOSA CINTALAPA,CSSSA000914,NULL
701010046,CASA DE SALUD UNIDAD MODELO CINTALAPA,CSSSA000926,NULL
701010047,CASA DE SALUD SAN MARCOS CINTALAPA,CSSSA000943,NULL
701010048,CASA DE SALUD GUAMUCHIL CINTALAPA,CSSSA000955,NULL
701010049,CENTRO DE SALUD RURAL 1 NB EMILIANO ZAPATA CINTALAPA,CSSSA000972,NULL
701010050,CENTRO DE SALUD CON HOSPITALIZACION COPAINALA,CSSSA001322,NULL
701010051,CENTROS DE SALUD CON SERVICIOS AMPLIADOS COAPILLA,CSSSA012703,NULL
701010052,CASA DE SALUD RIBERA LLANO GRANDE COAPILLA,CSSSA000996,NULL
701010053,CASA DE SALUD JOSE MARIA MORELOS Y PAVON COAPILLA,CSSSA001013,NULL
701010054,CASA DE SALUD MORELIA COAPILLA,CSSSA001025,NULL
701010055,CASA DE SALUD CAMPECHE COPAINALA,CSSSA001334,NULL
701010056,CASA DE SALUD FRANCISCO SARABIA COPAINALA,CSSSA001346,NULL
701010057,CASA DE SALUD MIGUEL HIDALGO (ZACALAPA) COPAINALA,CSSSA001351,NULL
701010058,CASA DE SALUD AGUSTIN DE ITURBIDE COPAINALA,CSSSA001363,NULL
701010059,CASA DE SALUD BENITO JUAREZ COPAINALA,CSSSA001375,NULL
701010060,CENTRO DE SALUD URBANO 5 NB CHIAPA DE CORZO,CSSSA001626,NULL
701010061,CENTRO DE SALUD RURAL 1 NB RIBERA EL AMATAL CHIAPA DE CORZO,CSSSA001631,NULL
701010062,CENTRO DE SALUD RURAL 1 NB NUEVA PALESTINA JIQUIPILAS,CSSSA002973,NULL
701010063,CASA DE SALUD CAHUARE CHIAPA DE CORZO,CSSSA008684,NULL
701010064,CASA DE SALUD RIBERA DE CUPIA CHIAPA DE CORZO,CSSSA001643,NULL
701010065,CENTRO DE SALUD RURAL 1 NB FRANCISCO SARABIA CHIAPA DE CORZO,CSSSA009092,NULL
701010066,CASA DE SALUD JUAN DE GRIJALVA CHIAPA DE CORZO,CSSSA001655,NULL
701010067,CASA DE SALUD MIGUEL HIDALGO CHIAPA DE CORZO,CSSSA001660,NULL
701010068,CENTRO DE SALUD RURAL 1 NB NARCISO MENDOZA CHIAPA DE CORZO,CSSSA001672,NULL
701010069,CENTRO DE SALUD RURAL 1 NB NUEVA PALESTINA CH. DE CORZO,CSSSA009080,NULL
701010070,CENTRO DE SALUD RURAL 2 NB IXTAPA,CSSSA002862,NULL
701010071,CASA DE SALUD VENUSTIANO CARRANZA CHIAPA DE CORZO,CSSSA001696,NULL
701010072,CASA DE SALUD DR. MANUEL VELASCO SUAREZ CHIAPA DE CORZO,CSSSA001701,NULL
701010073,CENTRO DE SALUD RURAL 1 NB SAN JOSE MASPAC FCO LEON,CSSSA002273,NULL
701010074,CENTRO DE SALUD RURAL 1 NB SAN MIGUEL LA SARDINA FRANCISCO LEON,CSSSA019143,NULL
701010075,CENTRO DE SALUD RURAL 1 NB VICENTE GUERRERO FRANCISCO LEON,CSSSA002290,NULL
701010076,CENTRO DE SALUD RURAL 1 NB RIVERA EL VIEJO CARMEN FRANCISCO LEON,CSSSA019633,NULL
701010077,CASA DE SALUD CARLOS A. VIDAL IXTAPA,CSSSA002874,NULL
701010078,CASA DE SALUD CONCEPCION IXTAPA,CSSSA002886,NULL
701010079,CASA DE SALUD EJIDO NUEVO SAN MIGUEL MITONTIC IXTAPA,CSSSA002891,NULL
701010080,CENTRO DE SALUD RURAL 2 NB JIQUIPILAS,CSSSA002932,NULL
701010081,CENTRO DE SALUD RURAL 1 NB JOSE MARIA PINO SUAREZ JIQUIPILAS,CSSSA002956,NULL
701010082,CENTRO DE SALUD RURAL 1 NB PEDREGAL SAN ANGEL CHIAPA DE CORZO,CSSSA008672,NULL
701010083,CENTRO DE SALUD RURAL 1 NB ANDRES QUINTANA ROO JIQUIPILAS,CSSSA002985,NULL
701010084,CENTRO DE SALUD RURAL 1 NB TILTEPEC JIQUIPILAS,CSSSA002990,NULL
701010085,CENTRO DE SALUD RURAL 1 NB EMILIANO ZAPATA JIQUIPILAS,CSSSA008696,NULL
701010086,CASA DE SALUD MAZANILHO IXTAPA,CSSSA002903,NULL
701010087,CENTRO DE SALUD RURAL 1 NB CRISTOBAL COLON JIQUIPILAS,CSSSA012694,NULL
701010088,CASA DE SALUD MICHOACAN JIQUIPILAS,CSSSA002961,NULL
701010090,CENTRO DE SALUD URBANO 2 NB OCOZOCOAUTLA DE ESPINOSA,CSSSA004291,NULL
701010091,CASA DE SALUD NUEVO EMBARCADERO APIC - PAC OCOZOCOAUTLA,CSSSA004390,NULL
701010100,CENTRO DE SALUD RURAL 3 NB SUCHIAPA,CSSSA006345,NULL
701010101,CENTRO DE SALUD RURAL 1 NB PACU SUCHIAPA,CSSSA006350,NULL
701010110,CENTRO DE SALUD RURAL 3 NB SAN FERNANDO SAN FERNANDO,CSSSA005843,NULL
701010120,CENTRO DE SALUD CON HOSPITALIZACION TECPATAN,CSSSA006695,NULL
701010122,CENTRO DE SALUD CON HOSPITALIZACION RAUDALES MALPASO,CSSSA006765,NULL
701010123,UNIDAD MOVIL PIZTINGEN TECPATAN,CSSSA006782,NULL
701010130,CENTRO DE SALUD RURAL 1 NB TOTOLAPA,CSSSA007260,NULL
701010135,CENTROS DE SALUD CON SERVICIOS AMPLIADOS SAN LUCAS,CSSSA018431,NULL
701010141,CENTRO DE SALUD RURAL 1 NB LAJA TENDIDA VENUSTIANO CARRANZA,CSSSA007902,NULL
701010142,CENTRO DE SALUD RURAL 1 NB PARAISO DEL GRIJALVA VENUSTIANO CARRANZA,CSSSA007914,NULL
701010143,CENTRO DE SALUD RURAL 1 NB SAN FRANCISCO PUJILTIC VENUSTIANO CARRANZA,CSSSA007890,NULL
701010144,CASA DE SALUD MARIANO MATAMOROS VENUSTIANO CARRANZA,CSSSA007885,NULL
701010145,CENTRO DE SALUD RURAL 1 NB GUADALUPE VICTORIA VENUSTIANO CARRANZA,CSSSA007861,NULL
701010151,CENTRO DE SALUD RURAL 1 NB LIC. BUENAVISTA MATA SANOS COAPILLA,CSSSA001001,NULL
701010160,CENTRO DE SALUD URBANO 6 NB SOYALO,CSSSA017690,NULL
701010161,CENTRO DE SALUD RURAL 1 NB UNION AGRARISTA JIQUIPILAS,CSSSA009104,NULL
701010162,CENTRO DE SALUD RURAL 1 NB VICENTE GUERRERO JIQUIPILAS,CSSSA009150,NULL
701010163,CASA DE SALUD HIERBA SANTA JIQUIPILAS,CSSSA003002,NULL
701010164,CENTRO DE SALUD RURAL 1 NB BENITO JUAREZ JIQUIPILAS,CSSSA003026,NULL
701010165,CASA DE SALUD SANTA ROSA JIQUIPILAS,CSSSA003031,NULL
701010166,CENTRO DE SALUD RURAL 1 NB CERRO JAQUIMA OCOTEPEC,CSSSA019131,NULL
701010167,CENTRO DE SALUD RURAL 1 NB SAN JOSE PLAN OCOTAL OCOTEPEC,CSSSA019155,NULL
701010168,CASA DE SALUD EJIDO GRAL. FRANCISCO VILLA OCOZOCOAUTLA,CSSSA004303,NULL
701010169,CENTRO DE SALUD RURAL 1 NB HERMENEGILDO GALEANA OCOZOCOAUTLA DE ESPINOSA,CSSSA004320,NULL
701010170,CASA DE SALUD JOSE CASTILLO TIELMAN OCOZOCOAUTLA,CSSSA004332,NULL
701010171,CENTRO DE SALUD R. 1 NB IGNACIO ZARAGOZA OCOZOCOAUTLA,CSSSA009145,NULL
701010172,CASA DE SALUD RAYMUNDO ENRIQUEZ OCOZOCOAUTLA,CSSSA004344,NULL
701010173,CASA DE SALUD ARMANDO ZEBADUA OCOZOCOAUTLA DE ESPINOSA,CSSSA004356,NULL
701010174,CASA DE SALUD ALFREDO V. BONFIL OCOZOCOAUTLA,CSSSA004361,NULL
701010175,CASA DE SALUD LA INDEPENDENCIA (LAS PILAS) OCOZOCOAUTLA,CSSSA004385,NULL
701010176,CASA DE SALUD AQUILES SERDAN OCOZOCOAUTLA DE ESPINOSA,CSSSA009133,NULL
701010177,CASA DE SALUD TRIUNFO AGRARISTA OSUMACINTA,CSSSA004484,NULL
701010178,CASA DE SALUD CUAUHTEMOC SAN FERNANDO,CSSSA005855,NULL
701010179,CASA DE SALUD EL PROGRESO SAN FERNANDO,CSSSA005872,NULL
701010180,CASA DE SALUD SAN ANTONIO SAN FERNANDO,CSSSA005884,NULL
701010181,CASA DE SALUD EL CARMELO SAN FERNANDO,CSSSA005896,NULL
701010182,CASA DE SALUD COL. ADOLFO LOPEZ MATEOS TECPATAN,CSSSA006700,NULL
701010183,CASA DE SALUD ESPERANZA DE LOS POBRES TECPATAN,CSSSA006724,NULL
701010184,CENTRO DE SALUD RURAL 1 NB GUSTAVO DIAZ ORDAZ TECPATAN,CSSSA006741,NULL
701010185,CASA DE SALUD MIGUEL HIDALGO Y COSTILLA TECPATAN,CSSSA006753,NULL
701010186,CASA DE SALUD ANGEL ALBINO CORZO TECPATAN,CSSSA006770,NULL
701010187,CASA DE SALUD COL. EL PORVENIR TECPATAN,CSSSA006794,NULL
701010188,CASA DE SALUD SAN FERNANDO DIAZ MARITANO TECPATAN,CSSSA006806,NULL
701010189,CASA DE SALUD EL EDEN TECPATAN,CSSSA006823,NULL
701010190,CENTRO DE SALUD RURAL 1 NB PONCIANO ARRIAGA TOTOLAPA,CSSSA012712,NULL
701010191,CENTRO DE SALUD RURAL 3 NB VENUSTIANO CARRANZA,CSSSA007844,NULL
701010192,CASA DE SALUD SAN ANTONIO LA SIDRA VENUSTIANO CARRANZA,CSSSA007926,NULL
701020010,HOSPITAL REGIONAL DR. RAFAEL PASCASIO GAMBOA,CSSSA007540,NULL
701020020,HOSPITAL CHIAPAS NOS UNE DR. JESUS GILBERTO GOMEZ MAZA,CSSSA019954,NULL
701020030,UNIDAD DE ATENCION A LA SALUD MENTAL SAN AGUSTIN,CSSSA009162,8
701040001,HOSPITAL BASICO COMUNITARIO DR. MANUEL VELASCO ACALA,CSSSA000045,NULL
701040002,HOSPITAL BASICO COMUNITARIO DE CINTALAPA DE FIGUEROA,CSSSA000832,NULL
701040003,HOSPITAL BASICO COMUNITARIO 12 CAMAS BERRIOZABAL,CSSSA009203,NULL
701040004,HOSPITAL BASICO COMUNITARIO DE CHIAPA DE CORZO,CSSSA009273,NULL
701050001,UNIDAD MOVIL TIERRA Y LIBERTAD BERRIOZABAL,CSSSA000704,NULL
701050002,UNIDAD MOVIL PIMIENTA BERLIN CINTALAPA,CSSSA000931,NULL
701050003,UNIDAD MOVIL ELOY BORRAS AGUILAR CINTALAPA,CSSSA000902,NULL
701050004,UNIDAD MOVIL EL TEPEYAC CINTALAPA,CSSSA017941,NULL
701050005,UNIDAD MOVIL PASO ACHIOTE CHIAPA DE CORZO,CSSSA001684,NULL
701050006,UNIDAD MOVIL LAZARO CARDENAS OCOZOCOAUTLA DE ESPINOSA,CSSSA004373,NULL
701050007,UNIDAD MOVIL EMBARCADERO APIC-PAC OCOZOCOAUTLA,CSSSA004402,NULL
701050008,UNIDAD MOVIL MIGUEL HIDALGO SAN FERNANDO,CSSSA005860,NULL
701050010,UNIDAD MOVIL DIQUE II (VICENTE GUERRERO) TECPATAN,CSSSA006811,NULL
701050011,UNIDAD MOVIL POTINASPAK  TUXTLA GUTIERREZ,CSSSA007552,NULL
701050012,UNIDAD MOVIL LAS CASITAS  TUXTLA GUTIERREZ,CSSSA007564,NULL
701050013,UNIDAD MOVIL SAN PEDRO EL PUY VENUSTIANO CARRANZA,CSSSA020164,NULL
701050014,UNIDAD MOVIL LA GLORIA (LA TRANCA)  VENUSTIANO CARRANZA,CSSSA020176,NULL
701060001,UNIDAD MOVIL CARAVANA TIPO 2 LA FLORIDA CINTALAPA,CSSSA017866,NULL
701060002,UNIDAD MOVIL CARAVANA TIPO 0 RIO NEGRO FRANCISCO LEON,CSSSA018286,NULL
701060003,UNIDAD MOVIL CARAVANA TIPO 0 SANTO DOMINGO OCOTEPEC,CSSSA018274,NULL
701060004,UNIDAD MOVIL CARAVANA TIPO 0 ADOLFO RUIZ CORTINEZ  TECPATAN,CSSSA018373,NULL
701070001,CAPASITS TUXTLA,CSSSA018455,NULL
701070002,TUXTLA   (U.N.E.M.E. CISAME),CSSSA018735,NULL
701070003,TUXTLA   (U.N.E.M.E. CRONICO DEGENERATIVOS),CSSSA018711,NULL
701070004,TUXTLA (U.N.E.M.E. CAPA),CSSSA018636,NULL
701070005,TUXTLA (U.N.E.M.E. CIRUGIA AMBULATORIA Y TORRE DE DIAGNOSTICO),CSSSA019534,NULL
701080001,CLINICA DE LA MUJER PONIENTE,CSSSA018805,NULL
701090001,ALMACEN JURISDICCIONAL (TUXTLA GUTIERREZ),CSSSA017336,NULL
701110001,CENTRO DE SALUD CON SERVICIOS AMPLIADOS DR MANUEL VELASCO SUAREZ NICOLAS RUIZ,CSSSA009290,NULL
701110002,CENTRO DE SALUD CON SERVICIOS AMPLIADOS OCOTEPEC DR MANUEL VELASCO SUAREZ,CSSSA009360,NULL
702010001,OFICINA JURISDICCIONAL No. II (SAN CRISTOBAL DE LAS CASAS),CSSSA017230,NULL
702010002,CENTRO DE SALUD URBANO 12 NB SAN CRISTOBAL LAS CASAS,CSSSA005785,NULL
702010005,CENTRO DE SALUD RURAL 1 NB MITZITON SAN CRISTOBAL DE LAS CASAS,CSSSA005814,NULL
702010015,CASA DE SALUD IXTAPILLA LAS ROSAS,CSSSA005522,NULL
702010020,CENTRO DE SALUD RURAL 1 NB TENEJAPA ,CSSSA006835,NULL
702010032,CENTRO DE SALUD RURAL 1 NB SACLAMANTON CHAMULA,CSSSA001474,NULL
702010034,CENTRO DE SALUD RURAL 1 NB ICALUMTIC CHAMULA,CSSSA001433,NULL
702010035,CENTRO DE SALUD RURAL 1 NB ROMERILLO CHAMULA,CSSSA001462,NULL
702010036,CENTRO DE SALUD RURAL 1 NB JOMALHO CHAMULA,CSSSA001445,NULL
702010037,CENTRO DE SALUD RURAL 1 NB BASHEQUEM CHAMULA,CSSSA008701,NULL
702010038,CENTRO DE SALUD RURAL 1 NB MAJOMUT CHENALHO,CSSSA019341,NULL
702010041,CENTRO DE SALUD URBANO 5 NB TEOPISCA ,CSSSA006876,NULL
702010051,CENTROS DE SALUD CON SERVICIOS AMPLIADOS ALDAMA,CSSSA019522,NULL
702010052,CENTRO DE SALUD CON HOSPITALIZACION YABTECLUM PUEBLO NUEVO,CSSSA001614,NULL
702010053,CENTRO DE SALUD RURAL 1 NB CHIMIX DOS CHENALHO,CSSSA001585,NULL
702010054,CENTRO DE SALUD RURAL 1 NB JOLXIC CHENALHO,CSSSA020123,NULL
702010056,CENTRO DE SALUD RURAL 1 NB BELISARIO DOMINGUEZ CHENALHO,CSSSA001573,NULL
702010057,CENTRO DE SALUD RURAL 1 NB COLONIA PUEBLA CHENALHO,CSSSA001602,NULL
702010058,CENTRO DE SALUD RURAL 2 NB CHENALHO ,CSSSA001561,NULL
702010061,CENTRO DE SALUD RURAL 1 NB YALCUC HUIXTAN,CSSSA002524,NULL
702010062,CENTRO DE SALUD RURAL 1 NB SAN PEDRO PEDERNAL HUIXTAN,CSSSA002500,NULL
702010063,CENTRO DE SALUD RURAL 1 NB LAZARO CARDENAS CHILIL HUIXTAN,CSSSA002483,NULL
702010064,CENTRO DE SALUD RURAL 1 NB SAN PEDRO LA TEJERIA HUIXTAN,CSSSA002512,NULL
702010071,CENTRO DE SALUD RURAL 2 NB SAN ANDRES LARRAINZAR ,CSSSA003113,NULL
702010072,CENTRO DE SALUD RURAL 1 NB STENLEJSOSTETIC LARRAINZAR,CSSSA003130,NULL
702010080,CENTRO DE SALUD RURAL 2 NB BETANIA TEOPISCA,CSSSA006905,NULL
702010081,UNIDAD MOVIL SAN ISIDRO CHICHIUISTAN TEOPISCA,CSSSA012883,NULL
702010082,CENTRO DE SALUD CON HOSPITALIZACIONACION CHANAL,CSSSA001532,NULL
702010092,CENTRO DE SALUD CON HOSPITALIZACION OXCHUC,CSSSA004496,NULL
702010093,CENTRO DE SALUD RURAL 1 NB TZONTEALJA OXCHUC,CSSSA004566,NULL
702010111,CENTRO DE SALUD URBANO 5 NB LAS ROSAS LAS ROSAS,CSSSA005510,NULL
702010115,CASA DE SALUD SAN ANTONIO EL PARAJE LAS ROSAS,CSSSA005551,NULL
702010121,CENTRO DE SALUD RURAL 1 NB MATZAM TENEJAPA,CSSSA006840,NULL
702010141,CENTRO DE SALUD RURAL 1 NB NACHING ZINACANTAN,CSSSA008380,NULL
702010142,CENTRO DE SALUD RURAL 2 NB NAVENCHAUC ZINACANTAN,CSSSA008392,NULL
702010143,CENTROS DE SALUD CON SERVICIOS AMPLIADOS ZINACANTAN,CSSSA017801,NULL
702010171,CENTRO DE SALUD RURAL 1 NB CHILOLJA SAN JUAN CANCUC,CSSSA008433,NULL
702010172,CENTRO DE SALUD RURAL 1 NB BALUNACO CHALCHIHUITAN,CSSSA017743,NULL
702010173,CENTRO DE SALUD RURAL 1 NB TZUNUNIL CHALCHIHUITAN,CSSSA019971,NULL
702010174,CENTRO DE SALUD RURAL 1 NB CALLEJON CHAMULA,CSSSA009063,NULL
702010175,CENTRO DE SALUD RURAL 1 NB CATISHTIC CHAMULA,CSSSA019394,NULL
702010176,CASA DE SALUD CRUZ QUEMADA CHAMULA,CSSSA001421,NULL
702010177,CENTRO DE SALUD RURAL 1 NB CHILIMJOVELTIC CHAMULA,CSSSA018950,NULL
702010178,CENTRO DE SALUD RURAL 1 NB JOLBON CHAMULA,CSSSA019406,NULL
702010179,CENTRO DE SALUD RURAL 1 NB MACVILHO CHAMULA,CSSSA018933,NULL
702010180,CENTRO DE SALUD RURAL 1 NB RANCHO NARVAEZ CHAMULA,CSSSA001450,NULL
702010181,CENTRO DE SALUD RURAL 1 NB PAJALTON ALTO CHAMULA,CSSSA019423,NULL
702010182,CENTRO DE SALUD RURAL 1 NB TZAJALCHEN CHAMULA,CSSSA019382,NULL
702010183,CASA DE SALUD CRUZ CHOT CHAMULA,CSSSA001491,NULL
702010184,CENTRO DE SALUD RURAL 1 NB LAS MINAS CHAMULA,CSSSA019411,NULL
702010185,CASA DE SALUD NICHEN CHAMULA,CSSSA001503,NULL
702010186,CASA DE SALUD JOLNAJOLTIC CHAMULA,CSSSA001515,NULL
702010187,CENTRO DE SALUD RURAL 1 NB MAJOMUT CHAMULA,CSSSA001520,NULL
702010188,CENTRO DE SALUD RURAL 1 NB YUT BASH UNO CHAMULA,CSSSA019201,NULL
702010189,CENTRO DE SALUD RURAL 1 NB NATILTON CHANAL,CSSSA017755,NULL
702010190,CENTRO DE SALUD RURAL 1 NB SIBERIA CHANAL,CSSSA019353,NULL
702010191,CENTRO DE SALUD RURAL 1 NB CHIMTIC CHENALHO,CSSSA019213,NULL
702010192,CENTRO DE SALUD RURAL 1 NB LA LIBERTAD CHENALHO,CSSSA019184,NULL
702010193,CENTRO DE SALUD RURAL 1 NB  ZANEMBOLOM CHENALHO,CSSSA019464,NULL
702010194,CENTRO DE SALUD RURAL 1 NB YIBELJOJ CHENALHO,CSSSA019324,NULL
702010195,CENTRO DE SALUD RURAL 1 NB TZAJALCHEN CHENALHO,CSSSA017772,NULL
702010196,CENTRO DE SALUD RURAL 1 NB MAJUMPEPEN CHENALHO,CSSSA017760,NULL
702010197,CENTRO DE SALUD RURAL 1 NB CHIXILTON CHENALHO,CSSSA019225,NULL
702010198,CENTRO DE SALUD RURAL 1 NB YIBELJOJ CHENALHO,CSSSA020082,NULL
702010199,CENTRO DE SALUD RURAL 1 NB SAN ANDRES PUERTO RICO HUIXTAN,CSSSA019300,NULL
702010200,CENTRO DE SALUD RURAL 1 NB SANTA ROSA HUIXTAN,CSSSA019312,NULL
702010201,CENTRO DE SALUD RURAL 1 NB BAYALEMHO DOS LARRAINZAR,CSSSA003125,NULL
702010202,CENTRO DE SALUD RURAL 1 NB MUCTAHUITZ LARRAINZAR,CSSSA020205,NULL
702010203,CASA DE SALUD TZUBET LARRAINZAR,CSSSA008923,NULL
702010204,CENTRO DE SALUD RURAL 1 NB MITONTIC ,CSSSA003702,NULL
702010205,CENTRO DE SALUD RURAL 1 NB CHALAM MITONTIC,CSSSA003714,NULL
702010206,CENTRO DE SALUD RURAL 1 NB CHAONIL OXCHUC,CSSSA008713,NULL
702010207,CENTRO DE SALUD RURAL 1 NB CHULNA OXCHUC,CSSSA019365,NULL
702010208,CENTRO DE SALUD RURAL 1 NB LELENCHIG OXCHUC,CSSSA008725,NULL
702010209,CENTRO DE SALUD RURAL 1 NB MESBILJA OXCHUC,CSSSA004530,NULL
702010210,CENTRO DE SALUD RURAL 1 NB EL NIZ OXCHUC,CSSSA004542,NULL
702010211,CENTRO DE SALUD RURAL 1 NB PASHTONTICJA OXCHUC,CSSSA019196,NULL
702010212,CENTRO DE SALUD RURAL 1 NB TOLBILJA OXCHUC,CSSSA019452,NULL
702010213,CENTRO DE SALUD RURAL 1 NB TZOPILJA OXCHUC,CSSSA019370,NULL
702010214,CENTRO DE SALUD RURAL 1 NB GUADALUPE BACJA OXCHUC,CSSSA004583,NULL
702010215,CENTRO DE SALUD RURAL 1 NB  EL RETIRO OXCHUC,CSSSA019942,NULL
702010216,CASA DE SALUD TZAJALCHEM OXCHUC,CSSSA008952,NULL
702010217,CENTRO DE SALUD RURAL 1 NB LAS LIMAS PANTELHO,CSSSA018921,NULL
702010218,CENTRO DE SALUD RURAL 1 NB SAN JOAQUIN PANTELHO,CSSSA019440,NULL
702010219,CASA DE SALUD EL CAMPO PANTELHO,CSSSA004904,NULL
702010220,CENTRO DE SALUD RURAL 1 NB CHIPILINAR LAS ROSAS,CSSSA005546,NULL
702010221,CENTRO DE SALUD URBANO 12 NB SAN CRISTOBAL DE LAS CASAS,CSSSA012994,NULL
702010222,CASA DE SALUD CORAZON DE MARIA SAN CRISTOBAL DE LAS CASAS,CSSSA008935,NULL
702010223,CASA DE SALUD EL MANZANILLO SAN CRISTOBAL DE LAS CASAS,CSSSA005790,NULL
702010224,CASA DE SALUD ZACUALPA ECATEPEC SAN CRISTOBAL DE LAS CASAS,CSSSA005802,NULL
702010225,CASA DE SALUD SAN ANTONIO LOS BAÑOS SAN CRISTOBAL DE LAS CASAS,CSSSA005826,NULL
702010226,CASA DE SALUD SAN ANTONIO LAS ROSAS SAN CRISTOBAL DE LAS CASAS,CSSSA005831,NULL
702010227,CENTRO DE SALUD RURAL 1 NB SHISHINTONIL TENEJAPA,CSSSA006852,NULL
702010228,CENTRO DE SALUD RURAL 1 NB TS'AKIBILJOK TENEJAPA,CSSSA009051,NULL
702010229,CENTRO DE SALUD RURAL 1 NB CAÑADA GRANDE TENEJAPA,CSSSA019336,NULL
702010230,CASA DE SALUD DOLORES TEOPISCA,CSSSA006893,NULL
702010231,CASA DE SALUD GALILEA TEOPISCA,CSSSA008976,NULL
702010232,CASA DE SALUD JERUSALEN TEOPISCA,CSSSA006910,NULL
702010233,CASA DE SALUD VISTA HERMOSA TEOPISCA,CSSSA006922,NULL
702010234,CASA DE SALUD JARDIN DEL NUEVO EDEN TEOPISCA,CSSSA008964,NULL
702010236,CENTRO DE SALUD RURAL 1 NB CHIQUINIVALVO ZINACANTAN,CSSSA008375,NULL
702010237,CENTRO DE SALUD RURAL 1 NB PINAR SALINAS ZINACANTAN,CSSSA019435,NULL
702010238,CASA DE SALUD CHACTOJ ZINACANTAN,CSSSA008421,NULL
702010239,CENTROS DE SALUD CON SERVICIOS AMPLIADOS SAN JUAN CANCUC,CSSSA017784,NULL
702010240,CENTRO DE SALUD RURAL 1 NB CRUSILJA SAN JUAN CANCUC,CSSSA020094,NULL
702010241,CENTRO DE SALUD RURAL 1 NB CHILOLJA SAN JUAN CANCUC,CSSSA019283,NULL
702010242,CENTRO DE SALUD RURAL 1 NB CHACTE SAN JUAN CANCUC,CSSSA008445,NULL
702010243,CENTRO DE SALUD RURAL 1 NB ONILTIC SAN JUAN CANCUC,CSSSA008450,NULL
702010244,CENTRO DE SALUD RURAL 1 NB TZULUWITZ SAN JUAN CANCUC,CSSSA019271,NULL
702010245,CENTRO DE SALUD RURAL 1 NB YASHNAIL SAN JUAN CANCUC,CSSSA019254,NULL
702010246,CENTRO DE SALUD RURAL 1 NB BAPUZ SAN JUAN CANCUC,CSSSA019266,NULL
702010247,CENTRO DE SALUD RURAL 1 NB ICO ALDAMA,CSSSA018945,NULL
702010248,CENTRO DE SALUD RURAL 1 NB REVOLUCION FIU ALDAMA,CSSSA019966,NULL
702010249,CENTROS DE SALUD CON SERVICIOS AMPLIADOS SANTIAGO EL PINAR,CSSSA019493,NULL
702020010,HOSPITAL DE LA MUJER SAN CRISTOBAL DE LAS CASAS,CSSSA005773,NULL
702020020,HOSPITAL DE LAS CULTURAS SAN CRISTOBAL DE LAS CASAS,CSSSA018764,NULL
702040001,HOSPITAL BASICO COMUNITARIO DE CHALCHIHUITAN,CSSSA018793,NULL
702040002,HOSPITAL BASICO COMUNITARIO DE SAN JUAN CHAMULA,CSSSA019481,NULL
702040003,HOSPITAL BASICO COMUNITARIO DE LARRAINZAR,CSSSA017726,NULL
702040004,HOSPITAL BASICO COMUNITARIO DE TEOPISCA,CSSSA018752,NULL
702040005,HOSPITAL BASICO COMUNITARIO OXCHUC,CSSSA019476,NULL
702040006,HOSPITAL BÁSICO COMUNITARIO LAS ROSAS,CSSSA009261,NULL
702050001,UNIDAD MOVIL LA MERCED AMATENANGO DEL VALLE,CSSSA012901,NULL
702050002,UNIDAD MOVIL TZACUCUM CHALCHIHUITAN,CSSSA012910,NULL
702050003,UNIDAD MOVIL ICHINTON CHAMULA,CSSSA012925,NULL
702050004,UNIDAD MOVIL MACUSHTETIC CHENALHO,CSSSA002495,NULL
702050005,UNIDAD MOVIL JUAN DIEGO X'OYEP CHENALHO,CSSSA012934,NULL
702050006,UNIDAD MOVIL CRUZTON OXCHUC,CSSSA012952,NULL
702050007,UNIDAD MOVIL PACVILNA OXCHUC,CSSSA012943,NULL
702050008,UNIDAD MOVIL SAN MATEO LAS ROSAS,CSSSA012961,NULL
702050009,UNIDAD MOVIL AGUA DE PAJARITO SAN CRISTOBAL L.C.,CSSSA020024,NULL
702050010,UNIDAD MOVIL LA LIBERTAD TENEJAPA,CSSSA012892,NULL
702050012,UNIDAD MOVIL NAILCHEN SAN JUAN CANCUC,CSSSA012874,NULL
702060001,UNIDAD MOVIL CARAVANA PACANAM CHALCHIHUITAN,CSSSA012242,NULL
702060002,UNIDAD MOVIL CARAVANA TIPO 2 JOCOSIC CHAMULA,CSSSA017965,NULL
702060003,UNIDAD MOVIL CARAVANA TIPO 0 TZABALHO CHENALHO,CSSSA018991,NULL
702060007,UNIDAD MOVIL CARAVANA TIPO 0 POCOLTON LARRAINZAR,CSSSA018385,NULL
702060008,UNIDAD MOVIL CARAVANA TIPO 0  CONOILJA OXCHUC,CSSSA012225,NULL
702060009,UNIDAD MOVIL CARAVANA TIPO 0 LOS MANGOS PANTELHO,CSSSA018291,NULL
702060011,UNIDAD MOVIL CARAVANA TIPO 0 SAN CARLOS CORRALITO PANTELHO,CSSSA018146,NULL
702060012,UNIDAD MOVIL CARAVANA TIPO 0 LA VICTORIA PANTELHO,CSSSA012721,NULL
702060013,UNIDAD MOVIL CARAVANA TIPO 0 SAN JOSE BUENAVISTA TERCERO,CSSSA018151,NULL
702060014,UNIDAD MOVIL CARAVANA TIPO 3 TZAJALA TEOPISCA,CSSSA017813,NULL
702060017,UNIDAD MOVIL CARAVANA TIPO 0 JUC'NIL SAN JUAN CANCUC,CSSSA018134,NULL
702060018,UNIDAD MOVIL CARAVANA TIPO 0  LA PALMA UNO SAN JUAN CANCUC,CSSSA018356,NULL
702060019,UNIDAD MOVIL CARAVANA TIPO 0 SAN CARALA AMATENANGO DEL VALLE,CSSSA018204,NULL
702060020,UNIDAD MOVIL CARAVANA TIPO 0 JOCOSIC HUIXTAN,CSSSA019015,NULL
702060021,UNIDAD MOVIL CARAVANA TIPO 2 SAN JOSE HUIXTAN,CSSSA017953,NULL
702060022,UNIDAD MOVIL CARAVANA TIPO 1 MEONHO LARRAINZAR,CSSSA018390,NULL
702060023,UNIDAD MOVIL CARAVANA TIPO 0 LA PROVIDENCIA PANTELHO,CSSSA019003,NULL
702060024,UNIDAD MOVIL CARAVANA TIPO 0 APAS ZINACANTAN,CSSSA012730,NULL
702060025,UNIDAD MOVIL CARAVANA TIPO 0 TIERRA BLANCA ZINACANTAN,CSSSA018303,NULL
702070001,SAN CRISTOBAL (U.N.E.M.E. ENFERMEDADES CRONICAS),CSSSA018694,NULL
702070002,SAN CRISTOBAL (U.N.E.M.E. CAPA NUEVA VIDA),CSSSA018706,NULL
702090001,ALMACEN JURISDICCIONAL (SAN CRISTOBAL DE LAS CASAS),CSSSA017341,NULL
702110021,CENTRO DE SALUD CON SERVICIOS AMPLIADOS DR MANUEL VELASCO SUAREZ,CSSSA009396,NULL
702110022,CENTRO DE SALUD CON SERVICIOS AMPLIADOS PANTELHO DR MANUEL VELASCO SUAREZ,CSSSA009413,NULL
703010002,CENTRO DE SALUD RURAL 1 NB PRIMERO DE MAYO COMITAN DE DOMINGUEZ,CSSSA001112,NULL
703010003,OFICINA JURISDICCIONAL No. III (COMITAN),CSSSA017242,NULL
703010004,CENTRO DE SALUD URBANO 12 NB COMITAN DE DOMINGUEZ COMITAN DE DOMINGUEZ,CSSSA001042,NULL
703010009,CASA DE SALUD CHICHIMA CHACALJEMEL COMITAN DE DOMINGUEZ,CSSSA001066,NULL
703010030,CASA DE SALUD BELLAVISTA DEL NORTE FRONTERA COMALAPA,CSSSA002326,NULL
703010031,CENTRO DE SALUD URBANO 8 NB FRONTERA COMALAPA FRONTERA COMALAPA,CSSSA002314,NULL
703010042,CENTROS DE SALUD CON SERVICIOS AMPLIADOS LA INDEPENDENCIA,CSSSA020181,NULL
703010052,CENTRO DE SALUD RURAL 1 NB CD. CUAUHTEMOC FRONTERA COMALAPA,CSSSA002331,NULL
703010053,CENTRO DE SALUD RURAL 1 NB VERAPAZ FRONTERA COMALAPA,CSSSA002384,NULL
703010063,CENTRO DE SALUD RURAL 1 NB EMILIANO ZAPATA LA INDEPENDENCIA,CSSSA002734,NULL
703010070,CENTRO DE SALUD CON HOSPITALIZACION NUEVO HUIXTAN LAS MARGARITAS,CSSSA017702,NULL
703010071,CENTRO DE SALUD URBANO 7 NB LAS MARGARITAS LAS MARGARITAS,CSSSA018414,NULL
703010072,CENTRO DE SALUD RURAL 1 NB SANTA MARGARITA AGUA AZUL LAS MARGARITAS,CSSSA008532,NULL
703010074,CENTRO DE SALUD CON HOSPITALIZACION AMPARO AGUA TINTA,CSSSA003270,NULL
703010075,CENTRO DE SALUD RURAL 1 NB JERUSALEM LAS MARGARITAS,CSSSA003492,NULL
703010078,CENTRO DE SALUD RURAL 1 NB IGNACIO ZARAGOZA LAS MARGARITAS,CSSSA003306,NULL
703010079,CENTRO DE SALUD RURAL 1 NB SAN ISIDRO LAS MARGARITAS,CSSSA003393,NULL
703010080,CENTROS DE SALUD CON SERVICIOS AMPLIADOS SOCOLTENANGO,CSSSA006263,NULL
703010081,CASA DE SALUD GUADALUPE MIRAMAR MARAVILLA TENEJAPA,CSSSA008520,NULL
703010082,CASA DE SALUD PUERTO RICO SOCOLTENANGO,CSSSA006316,NULL
703010095,CENTROS DE SALUD CON SERVICIOS AMPLIADOS LA TRINITARIA,CSSSA007284,NULL
703010096,CENTRO DE SALUD RURAL 1 NB CRISTOBAL COLON LA TRINITARIA,CSSSA007313,NULL
703010097,CENTRO DE SALUD RURAL 1 NB ALVARO OBREGON LA TRINITARIA,CSSSA007296,NULL
703010098,CENTRO DE SALUD RURAL 1 NB OCHUSJOB TZIMOL,CSSSA007791,NULL
703010101,CENTRO DE SALUD RURAL 1 NB FELIPE ANGELES TZIMOL,CSSSA007786,NULL
703010102,CENTROS DE SALUD CON SERVICIOS AMPLIADOS TZIMOL,CSSSA018962,NULL
703010103,CASA DE SALUD CAJCAM COMITAN DE DOMINGUEZ,CSSSA001054,NULL
703010104,CASA DE SALUD HIDALGO COMITAN DE DOMINGUEZ,CSSSA001071,NULL
703010105,CASA DE SALUD JUZNAJAB LA LAGUNA COMITAN DE DOMINGUEZ,CSSSA001083,NULL
703010106,CASA DE SALUD LAGUNA LARGA COMITAN DE DOMINGUEZ,CSSSA001095,NULL
703010107,CASA DE SALUD SAN ANTONIO OGOTZIL COMITAN DE DOMINGUEZ,CSSSA001100,NULL
703010108,CASA DE SALUD QUIJA COMITAN DE DOMINGUEZ,CSSSA001124,NULL
703010109,CASA DE SALUD SAN ANTONIO COPALAR COMITAN DE DOMINGUEZ,CSSSA020012,NULL
703010110,CASA DE SALUD SAN JOSE YOCNAJAB COMITAN DE DOMINGUEZ,CSSSA001136,NULL
703010112,CASA DE SALUD GUADALUPE PALMIRA COMITAN DE DOMINGUEZ,CSSSA001165,NULL
703010113,CENTRO DE SALUD RURAL 1 NB STA. ROSALIA COMITAN,CSSSA001170,NULL
703010114,CASA DE SALUD CUATRO CAMINOS CHICOMUSELO,CSSSA001742,NULL
703010115,CASA DE SALUD LAS FLORES CHICOMUSELO,CSSSA017603,NULL
703010116,CASA DE SALUD MIGUEL ALEMAN CHICOMUSELO,CSSSA001754,NULL
703010117,CASA DE SALUD PIEDRA LABRADA CHICOMUSELO,CSSSA001766,NULL
703010118,CENTRO DE SALUD RURAL 1 NB LA PINTA CHICOMUSELO,CSSSA001771,NULL
703010119,CASA DE SALUD BARRIO POTRERILLOS CHICOMUSELO,CSSSA001783,NULL
703010120,CENTRO DE SALUD RURAL 1 NB MONTE SINAI CHICOMUSELO,CSSSA001795,NULL
703010121,CASA DE SALUD ZACUALPA CHICOMUSELO,CSSSA001800,NULL
703010122,CENTRO DE SALUD RURAL 1 NB NUEVA GRECIA CHICOMUSELO,CSSSA001812,NULL
703010123,CASA DE SALUD MONTE REDONDO FRONTERA COMALAPA,CSSSA017615,NULL
703010124,CASA DE SALUD NUEVO MEXICO FRONTERA COMALAPA,CSSSA002343,NULL
703010125,CASA DE SALUD EL PORTAL FRONTERA COMALAPA,CSSSA002355,NULL
703010126,CASA DE SALUD EL TRIUNFO DE LAS TRES MARAVILLAS COMALAPA,CSSSA002372,NULL
703010127,CASA DE SALUD AGUA ZARCA FRONTERA COMALAPA,CSSSA002396,NULL
703010128,CENTRO DE SALUD RURAL 1 NB ROSARIO BADENIA LA INDEPENDENCIA,CSSSA002722,NULL
703010129,CASA DE SALUD FRANCISCO SARABIA LA INDEPENDENCIA,CSSSA002746,NULL
703010130,CASA DE SALUD OJO DE AGUA LA INDEPENDENCIA,CSSSA020000,NULL
703010131,CENTRO DE SALUD RURAL 1 NB LA PATRIA LA INDEPENDENCIA,CSSSA002763,NULL
703010132,CASA DE SALUD TIERRA BLANCA LA INDEPENDENCIA,CSSSA002775,NULL
703010133,CASA DE SALUD AQUILES SERDAN LAS MARGARITAS,CSSSA017895,NULL
703010134,CENTRO DE SALUD RURAL 1 NB GABRIEL LEYVA VELAZQUEZ LAS MARGARITAS,CSSSA003294,NULL
703010135,CENTRO DE SALUD RURAL 1 NB JALISCO LAS MARGARITAS,CSSSA003311,NULL
703010136,CENTRO DE SALUD RURAL 1 NB JUSTO SIERRA LAS MARGARITAS,CSSSA003323,NULL
703010137,CASA DE SALUD LOMANTAN LAS MARGARITAS,CSSSA018105,NULL
703010138,CASA DE SALUD SAN CARLOS DEL RIO LAS MARGARITAS,CSSSA003381,NULL
703010139,CASA DE SALUD SAN JOSE ZAPOTAL LAS MARGARITAS,CSSSA018822,NULL
703010140,CASA DE SALUD SAN JOSE LAS PALMAS LAS MARGARITAS,CSSSA003410,NULL
703010141,CASA DE SALUD SAN PEDRO YUTNIOTIC LAS MARGARITAS,CSSSA003422,NULL
703010142,CASA DE SALUD SANTA RITA SONORA LAS MARGARITAS,CSSSA003451,NULL
703010143,CENTRO DE SALUD RURAL 1 NB VERACRUZ LAS MARGARITAS,CSSSA018426,NULL
703010144,CASA DE SALUD SAN ANTONIO BAWITZ LAS MARGARITAS,CSSSA003475,NULL
703010145,CASA DE SALUD LA ESMERALDA LAS MARGARITAS,CSSSA003480,NULL
703010146,CASA DE SALUD LUCHA CAMPESINA LAS MARGARITAS,CSSSA003504,NULL
703010147,CASA DE SALUD ESPIRITU SANTO LAS MARGARITAS,CSSSA003516,NULL
703010148,CASA DE SALUD EL ENCANTO LAS MARGARITAS,CSSSA003533,NULL
703010149,CASA DE SALUD PROGRESO LAS MARGARITAS,CSSSA003545,NULL
703010150,CASA DE SALUD LAS PERLAS LAS MARGARITAS,CSSSA003550,NULL
703010151,CASA DE SALUD SAN JOSE LA REVANCHA LAS MARGARITAS,CSSSA003574,NULL
703010152,CASA DE SALUD SAN MATEO ZAPOTAL LAS MARGARITAS,CSSSA008556,NULL
703010153,CASA DE SALUD GUADALUPE LAS FLORES LAS MARGARITAS,CSSSA003586,NULL
703010154,CASA DE SALUD UNION VICTORIA LAS MARGARITAS,CSSSA003591,NULL
703010155,CASA DE SALUD SAN ARTURO LAS FLORES LAS MARGARITAS,CSSSA018110,NULL
703010156,CASA DE SALUD UNION GUADALUPE SOCOLTENANGO,CSSSA006275,NULL
703010157,CASA DE SALUD SAN VICENTE PAUCHIL SOCOLTENANGO,CSSSA006292,NULL
703010158,CASA DE SALUD REFORMA AGRARIA SOCOLTENANGO,CSSSA006304,NULL
703010159,CASA DE SALUD EL CARMEN XHAN LA TRINITARIA,CSSSA007301,NULL
703010160,CENTRO DE SALUD RURAL 1 NB HIDALGO LA TRINITARIA,CSSSA007325,NULL
703010161,CASA DE SALUD JUNCANA LA TRINITARIA,CSSSA007330,NULL
703010162,CASA DE SALUD EL PROGRESO LA TRINITARIA,CSSSA007342,NULL
703010163,CASA DE SALUD ROSARIO TIERRA BLANCA LA TRINITARIA,CSSSA007354,NULL
703010164,CASA DE SALUD SAN JUAN DEL VALLE LA TRINITARIA,CSSSA007366,NULL
703010165,CENTRO DE SALUD RURAL 1 NB TZISCAO LA TRINITARIA,CSSSA007371,NULL
703010166,CASA DE SALUD LA ANTELA LA TRINITARIA,CSSSA007383,NULL
703010167,CENTRO DE SALUD RURAL 1 NB LA GLORIA LA TRINITARIA,CSSSA007412,NULL
703010168,CENTRO DE SALUD RURAL 1 NB FLOR DE MAYO LA TRINITARIA,CSSSA007424,NULL
703010169,CASA DE SALUD NUEVO VILLAFLORES LA TRINITARIA,CSSSA007436,NULL
703010170,CENTRO DE SALUD RURAL 1 NB NUEVA LIBERTAD (EL COLORADO) LA TRINITARIA,CSSSA007453,NULL
703010171,CASA DE SALUD CIENEGUITAS LA TRINITARIA,CSSSA007465,NULL
703010172,CENTRO DE SALUD RURAL 1 NB NUEVO LLANO GRANDE LA TRINITARIA,CSSSA007470,NULL
703010173,CASA DE SALUD SABINALITO LA TRINITARIA,CSSSA018122,NULL
703010174,CASA DE SALUD NUEVA LIBERTAD TZIMOL,CSSSA007815,NULL
703010175,CASA DE SALUD NUEVO ARGENTINA MARAVILLA TENEJAPA,CSSSA017714,NULL
703010176,CENTRO DE SALUD RURAL 1 NB SANTO DOMINGO LAS PALMAS MARAVILLA TENEJAPA,CSSSA019686,NULL
703010177,CENTRO DE SALUD RURAL 1 NB NUEVA SABANILLA MARAVILLA TENEJAPA,CSSSA018916,NULL
703020010,HOSPITAL GENERAL MARIA IGNACIA GANDULFO COMITAN,CSSSA001030,NULL
703020020,HOSPITAL GENERAL  DE LA MUJER COMITAN,CSSSA018776,NULL
703040001,HOSPITAL BASICO COMUNITARIO DE FRONTERA COMALAPA,CSSSA018781,NULL
703040002,HOSPITAL BASICO COMUNITARIO DE LAS MARGARITAS,CSSSA003265,NULL
703050001,UNIDAD MEDICA MOVIL TIERRA BLANCA COMITAN,CSSSA013012,NULL
703050002,UNIDAD MEDICA MOVIL 20 DE NOVIEMBRE CHICOMUSELO,CSSSA013054,NULL
703050003,UNIDAD MOVIL SANTA ROSA (BENITO JUAREZ)  FRONT COMALAPA,CSSSA002360,NULL
703050004,UNIDAD MOVIL SANTA MARTHA LA INDEPENDENCIA,CSSSA003405,NULL
703050005,UNIDAD MEDICA MOVIL RAFAEL RAMIREZ LAS MARGARITAS,CSSSA013030,NULL
703050006,UNIDAD MEDICA MOVIL SAN ANTONIO LOS ALTOS| LAS MARGARIT,CSSSA013021,NULL
703050007,UNIDAD MEDICA MOVIL NUEVO MATZAM LAS MARGARITAS,CSSSA013045,NULL
703050008,UNIDAD MEDICA MOVIL SAMUEL LEON BRINDIS SOCOLTENANGO,CSSSA013063,NULL
703050009,UNIDAD MOVIL NUEVA VENECIA LA TRINITARIA,CSSSA007395,NULL
703050010,UNIDAD MOVIL LOMA BONITA LA TRINITARIA,CSSSA007400,NULL
703050011,UNIDAD MEDICA MOVIL REFORMA AGRARIA 1 TZIMOL,CSSSA013003,NULL
703060001,UNIDAD MOVIL CARAVANA TIPO 0 RIO COROZAL LAS MARGARITAS,CSSSA012745,NULL
703060002,UNIDAD MOVIL CARAVANA TIPO 0  SAN ANTONIO DE LOS MONTES LAS MARGARITAS,CSSSA012254,NULL
703060003,UNIDAD MOVIL CARAVANA TIPO 0 SAN JUAN BAUTISTA LAS MARGARITAS,CSSSA012230,NULL
703060004,UNIDAD MOVIL CARAVANA TIPO 0 SANTA ANA LAS FLORES LAS MARGARITAS,CSSSA012266,NULL
703060005,UNIDAD MOVIL CARAVANA IGNACIO ALLENDE LAS MARGARITAS,CSSSA012754,NULL
703070001,COMITAN (U.N.E.M.E. CAPA),CSSSA018974,NULL
703070002,FRONTERA COMALAPA  (U.N.E.M.E. CAPA),CSSSA018986,NULL
703090001,ALMACEN JURISDICCIONAL (COMITAN),CSSSA017353,NULL
703110031,CENTRO DE SALUD CON SERVICIOS AMPLIADOS CHICOMUSELO,CSSSA009343,NULL
704010010,OFICINA JURISDICCIONAL No. IV (VILLAFLORES),CSSSA008112,NULL
704010020,CENTRO DE SALUD URBANO 6 NB VILLAFLORES,CSSSA008124,NULL
704010030,CENTRO DE SALUD RURAL 1 NB CRISTOBAL OBREGON VILLAFLORES,CSSSA008141,NULL
704010040,CENTRO DE SALUD R. 1 NB DR. DOMINGO CHANONA VILLAFLORES,CSSSA008153,NULL
704010050,CENTRO DE SALUD RURAL 2 NB JESUS MA. GARZA VILLAFLORES,CSSSA008165,NULL
704010060,CENTRO DE SALUD RURAL 1 NB CALZADA LARGA VILLAFLORES,CSSSA008136,NULL
704010070,CENTRO DE SALUD RURAL 1 NB TIERRA Y LIBERTAD VILLAFLORES,CSSSA008211,NULL
704010112,CASA DE SALUD LA PAZ DE SABINES ANGEL ALBINO CORZO,CSSSA009022,NULL
704010113,CASA DE SALUD OCOTAL LAS MARAVILLAS VILLA CORZO,CSSSA007996,NULL
704010114,CASA DE SALUD SANTA RITA ANGEL ALBINO CORZO,CSSSA008754,NULL
704010120,CENTRO DE SALUD RURAL 1 NB NUEVA INDEPENDENCIA ANGEL ALBINO CORZO,CSSSA000436,NULL
704010121,CENTRO DE SALUD URBANO 4 NB JALTENANGO DE LA PAZ ANGEL ALBINO CORZO,CSSSA009220,NULL
704010130,CASA DE SALUD MONTEBELLO ALTAMIRA| MONTECRISTO DE GUERRERO,CSSSA008771,NULL
704010131,CENTRO DE SALUD RURAL 1 NB LAGUNA DEL COFRE MONTECRISTO DE GUERRERO,CSSSA008631,NULL
704010140,CASA DE SALUD SALVADOR URBINA ANGEL ALBINO CORZO,CSSSA000441,NULL
704010210,CENTRO DE SALUD CON HOSPITALIZACION NUEVA CONCORDIA,CSSSA001182,NULL
704010220,CENTRO DE SALUD RURAL 1 NB BENITO JUAREZ LA CONCORDIA,CSSSA001194,NULL
704010230,CENTRO DE SALUD RURAL 2 NB EL AMBAR DE ECHEVERRIA LA CONCORDIA,CSSSA001281,NULL
704010240,CENTRO DE SALUD RURAL 1 NB DIAMANTE DE ECHEVERRIA LA CONCORDIA,CSSSA001276,NULL
704010250,CENTRO DE SALUD RURAL 1 NB REFORMA LA CONCORDIA,CSSSA001252,NULL
704010310,CENTRO DE SALUD RURAL 3 NB VILLACORZO,CSSSA007931,NULL
704010320,CENTRO DE SALUD RURAL 2 NB EL PARRAL VILLA CORZO,CSSSA007960,NULL
704010330,CENTRO DE SALUD R 2 NB SAN PEDRO BUENAVISTA VILLA CORZO,CSSSA007943,NULL
704010340,CASA DE SALUD COL. LA FRAYLESCA VILLA CORZO,CSSSA008042,NULL
704010341,CASA DE SALUD LIBERTAD EL PAJAL ANGEL ALBINO CORZO,CSSSA000424,NULL
704010343,CASA DE SALUD CUXTEPEQUES LA CONCORDIA,CSSSA001206,NULL
704010344,CENTRO DE SALUD RURAL 1 NB DOLORES JALTENANGO LA CONCORDIA,CSSSA001211,NULL
704010345,CENTRO DE SALUD RURAL 1 NB GUADALUPE VICTORIA LA CONCORDIA,CSSSA001223,NULL
704010346,CASA DE SALUD NIÑOS HEROES LA CONCORDIA,CSSSA001235,NULL
704010347,CASA DE SALUD AGUA PRIETA LA CONCORDIA,CSSSA001240,NULL
704010348,CASA DE SALUD LAS TORONJAS LA CONCORDIA,CSSSA001264,NULL
704010349,CASA DE SALUD MONTERREY LA CONCORDIA,CSSSA009010,NULL
704010350,CASA DE SALUD PLAN DE LA LIBERTAD LA CONCORDIA,CSSSA001293,NULL
704010351,CASA DE SALUD SAN FRANCISCO LA CONCORDIA,CSSSA001305,NULL
704010352,CENTRO DE SALUD RURAL 1 NB NUEVO PARAISO LA CONCORDIA,CSSSA017936,NULL
704010353,CASA DE SALUD EMILIANO ZAPATA VILLA CORZO,CSSSA008981,NULL
704010354,CASA DE SALUD LA LIBERTAD VILLA CORZO,CSSSA007955,NULL
704010355,CASA DE SALUD MANUEL AVILA CAMACHO VILLA CORZO,CSSSA009046,NULL
704010356,CASA DE SALUD SAN JULIAN VILLA CORZO,CSSSA007972,NULL
704010357,CASA DE SALUD LOMA BONITA VILLA CORZO,CSSSA007984,NULL
704010359,CASA DE SALUD LOS AMATES VILLA CORZO,CSSSA008001,NULL
704010360,CASA DE SALUD TIERRA SANTA VILLA CORZO,CSSSA008013,NULL
704010361,CASA DE SALUD FRANCISCO I. MADERO VILLA CORZO,CSSSA008030,NULL
704010362,CASA DE SALUD DR. BELISARIO DOMINGUEZ VILLA CORZO,CSSSA008066,NULL
704010363,CASA DE SALUD RIBERA BUENAVISTA VILLA CORZO,CSSSA008071,NULL
704010364,CASA DE SALUD 24 DE DICIEMBRE VILLA CORZO,CSSSA008083,NULL
704010365,CASA DE SALUD AGUA DULCE II VILLA CORZO,CSSSA008095,NULL
704010366,CASA DE SALUD UNION DEL CARMEN VILLA CORZO,CSSSA008100,NULL
704010367,CASA DE SALUD MELCHOR OCAMPO VILLAFLORES,CSSSA009034,NULL
704010368,CASA DE SALUD MIGUEL HIDALGO VILLAFLORES,CSSSA008170,NULL
704010369,CASA DE SALUD HORACIO GRAJALES VILLAFLORES,CSSSA008182,NULL
704010370,CASA DE SALUD PROGRESO AGRARIO VILLAFLORES,CSSSA017883,NULL
704010371,CASA DE SALUD RIBERA HORIZONTE VILLAFLORES,CSSSA008194,NULL
704010372,CENTRO DE SALUD RURAL 1 NB ROBLADA GRANDE VILLAFLORES,CSSSA008206,NULL
704010373,CASA DE SALUD ESPINAL BUENAVISTA VILLAFLORES,CSSSA008993,NULL
704010374,CASA DE SALUD TRES PICOS VILLAFLORES,CSSSA008223,NULL
704010375,CASA DE SALUD EL SABINO VILLAFLORES,CSSSA008235,NULL
704010376,CASA DE SALUD SOMBRA DE LA SELVA VILLAFLORES,CSSSA008240,NULL
704010377,CASA DE SALUD EL PORTILLO VILLAFLORES,CSSSA008252,NULL
704010378,CASA DE SALUD EMILIANO ZAPATA MONTECRISTO DE GUERRERO,CSSSA009005,NULL
704010379,CASA DE SALUD LA LUCHA MONTECRISTO DE GUERRERO,CSSSA008643,NULL
704010380,CENTRO DE SALUD RURAL 1 NB SAN NICOLAS PLAN DE AYUTLA MONTECRISTO DE GUERRERO,CSSSA008655,NULL
704020010,HOSPITAL GENERAL BICENTENARIO VILLAFLORES,CSSSA018875,NULL
704040001,HOSPITAL BASICO COMUNITARIO DE ANGEL ALBINO CORZO,CSSSA000412,NULL
704040002,HOSPITAL BASICO COMUNITARIO DE REVOLUCION MEXICANA,CSSSA017516,NULL
704050001,UNIDAD MOVIL 24 DE FEBRERO VILLA CORZO,CSSSA008025,NULL
704090001,ALMACEN JURISDICCIONAL (VILLAFLORES),CSSSA017365,NULL
705010001,OFICINA JURISDICCIONAL No. V (PICHUCALCO),CSSSA017266,NULL
705010002,CENTRO DE SALUD URBANO 5 NB PICHUCALCO,CSSSA004950,NULL
705010006,CENTRO DE SALUD RURAL 1 NB REFORMA Y PLANADA AMATAN,CSSSA000284,NULL
705010007,CENTRO DE SALUD RURAL 1 NB CERRO LAS CAMPANAS SOLOSUCHIAPA,CSSSA006333,NULL
705010008,CASA DE SALUD CARRIZAL RAYON,CSSSA005440,NULL
705010009,CENTRO DE SALUD RURAL 3 NB JUAREZ ,CSSSA003084,NULL
705010010,CENTRO DE SALUD RURAL 1 NB EJIDO IGNACIO ALLENDE JUAREZ,CSSSA003096,NULL
705010021,CENTRO DE SALUD CON HOSPITALIZACION PUEBLO NUEVO SOLISTAHUACAN,CSSSA005341,NULL
705010030,CENTRO DE SALUD RURAL 2 NB EL BOSQUE EL BOSQUE,CSSSA000745,NULL
705010032,CENTRO DE SALUD RURAL 1 NB CHAVAJEVAL EL BOSQUE,CSSSA000750,NULL
705010051,CENTRO DE SALUD RURAL 1 NB RAMOS CUBILETE HUITIUPAN,CSSSA020106,NULL
705010052,CENTRO DE SALUD RURAL 1 NB EL OCOTAL HUITIUPAN,CSSSA002570,NULL
705010053,CENTRO DE SALUD RURAL 1 NB ZACATONAL DE JUAREZ HUITIUPAN,CSSSA002594,NULL
705010061,CENTRO DE SALUD RURAL 1 NB IXHUATAN ,CSSSA002780,NULL
705010071,CASA DE SALUD SAN FRANCISCO JACONA TAPILULA,CSSSA006683,NULL
705010081,CENTRO DE SALUD RURAL 2 NB IXTACOMITAN,CSSSA002816,NULL
705010101,CENTRO DE SALUD RURAL 1 NB TECTUAPAN PICHUCALCO,CSSSA005003,NULL
705010102,UNIDAD MOVIL CAMOAPITA 2A. SECCION PICHUCALCO,CSSSA004986,NULL
705010103,UNIDAD MOVIL AZUFRE 2A. SECCION PICHUCALCO,CSSSA004991,NULL
705010121,CENTRO DE SALUD CON HOSPITALIZACION REFORMA ,CSSSA005464,NULL
705010122,CENTRO DE SALUD RURAL 1 NB SAN MIGUEL 1A. SECCION REFORMA,CSSSA017574,NULL
705010132,CENTRO DE SALUD RURAL 1 NB EJIDO CONSTITUCION SIMOJOVEL,CSSSA006140,NULL
705010133,CENTRO DE SALUD RURAL 2 NB RIVERA GALEANA SAN ANDRES DURAZNAL,CSSSA019592,NULL
705010134,CENTRO DE SALUD CON HOSPITALIZACION SIMOJOVEL ,CSSSA006094,NULL
705010135,CENTRO DE SALUD RURAL 1 NB LA PIMIENTA SIMOJOVEL,CSSSA009285,NULL
705010161,CENTRO DE SALUD RURAL 2 NB IXTAPANGAJOYA,CSSSA017900,NULL
705010170,CENTRO DE SALUD RURAL 1 NB RAYON ,CSSSA005435,NULL
705010171,CENTRO DE SALUD RURAL 1 NB SAN ISIDRO LAS BANDERAS PANTEPEC,CSSSA020111,NULL
705010172,CASA DE SALUD COL. ADOLFO LOPEZ MATEOS AMATAN,CSSSA000226,NULL
705010173,CENTRO DE SALUD RURAL 2 NB LA ESPERANZA AMATAN,CSSSA019621,NULL
705010174,CASA DE SALUD ESQUIPULAS AMATAN,CSSSA000260,NULL
705010175,CENTRO DE SALUD RURAL 2 NB FRANCISCO I. MADERO AMATAN,CSSSA019616,NULL
705010176,CENTRO DE SALUD RURAL 1 NB GUADALUPE VICTORIA AMATAN,CSSSA000243,NULL
705010177,CASA DE SALUD EL NARANJO 2A. SECCION AMATAN,CSSSA000272,NULL
705010178,CENTRO DE SALUD RURAL 2 NB SAN LORENZO AMATAN,CSSSA019604,NULL
705010179,CASA DE SALUD SANTA CRUZ NIHO BOCHIL,CSSSA000716,NULL
705010180,CASA DE SALUD EMILIANO ZAPATA BOCHIL,CSSSA000733,NULL
705010181,CASA DE SALUD RIO NEGRO CHAPULTENANGO,CSSSA017562,NULL
705010182,CASA DE SALUD CENTRO VALTIERRA CHAPULTENANGO,CSSSA001556,NULL
705010183,CENTRO DE SALUD RURAL 2 NB HUITIUPAN ,CSSSA002541,NULL
705010184,CASA DE SALUD EL AZUFRE HUITIUPAN,CSSSA002553,NULL
705010185,CASA DE SALUD HUANAL HUITIUPAN,CSSSA002565,NULL
705010186,CENTRO DE SALUD RURAL 1 NB RURAL VILLA LUZ HUITIUPAN,CSSSA018904,NULL
705010187,CASA DE SALUD SAN JUAN EL AGUAJE HUITIUPAN,CSSSA017550,NULL
705010188,CASA DE SALUD SAN RAFAEL HUITIUPAN,CSSSA017423,NULL
705010189,CENTROS DE SALUD CON SERVICIOS AMPLIADOS IXHUATAN,CSSSA020193,NULL
705010190,CASA DE SALUD SAN MIGUEL IXHUATAN,CSSSA002792,NULL
705010191,CASA DE SALUD ARENAL IXTACOMITAN,CSSSA002821,NULL
705010192,CENTRO DE SALUD RURAL 2 NB SOLOSUCHIAPA,CSSSA017912,NULL
705010193,CASA DE SALUD EMILIANO ZAPATA IXTACOMITAN,CSSSA002833,NULL
705010194,CASA DE SALUD MATAMOROS 1A. SECCION IXTACOMITAN,CSSSA002845,NULL
705010195,CASA DE SALUD NUEVO LINDAVISTA IXTACOMITAN,CSSSA002850,NULL
705010196,CASA DE SALUD SAN VICENTE IXTACOMITAN,CSSSA017435,NULL
705010197,CASA DE SALUD JANA 2A. SECCION IXTAPANGAJOYA,CSSSA002920,NULL
705010198,CENTRO DE SALUD RURAL 2 NB LLANOS DE MORELOS 2A. SECCION IXTAPANGAJOYA,CSSSA019563,NULL
705010199,CASA DE SALUD MARAVILLAS JITOTOL,CSSSA003043,NULL
705010201,CASA DE SALUD RUBEN JARAMILLO JITOTOL,CSSSA003060,NULL
705010202,CASA DE SALUD 5 DE MAYO JUAREZ,CSSSA003101,NULL
705010203,CASA DE SALUD CATEDRAL DE CHIAPAS OSTUACAN,CSSSA004426,NULL
705010204,CENTRO DE SALUD RURAL 1 NB PLAN DE AYALA OSTUACAN,CSSSA004443,NULL
705010205,CASA DE SALUD PEÑA 2A. SECCION OSTUACAN,CSSSA004460,NULL
705010206,CASA DE SALUD LAGUNA LA CAMPANA OSTUACAN,CSSSA004472,NULL
705010207,CASA DE SALUD SALOMON GONZALEZ BLANCO OSTUACAN,CSSSA004431,NULL
705010208,CENTRO DE SALUD RURAL 2 NB PEÑITAS EL MICO OSTUACAN,CSSSA019580,NULL
705010209,CENTROS DE SALUD CON SERVICIOS AMPL NUEVO JUAN DEL GRIJALVA OSTUACAN,CSSSA018093,NULL
705010210,CENTRO DE SALUD RURAL 1 NB PANTEPEC ,CSSSA020041,NULL
705010211,CENTRO DE SALUD RURAL 1 NB CARRIZAL PANTEPEC,CSSSA004916,NULL
705010212,CENTRO DE SALUD RURAL 1 NB RURAL LAGUNA GRANDE PANTEPEC,CSSSA018892,NULL
705010213,CASA DE SALUD VIEJO NICAPA PICHUCALCO,CSSSA004962,NULL
705010214,CENTRO DE SALUD RURAL 1 NB IGNACIO ZARAGOZA PICHUCALCO,CSSSA005015,NULL
705010215,CENTRO DE SALUD RURAL  1 NB ARROYO GRANDE PUEBLO NVO SOLISTAHUACAN,CSSSA005353,NULL
705010216,CASA DE SALUD AURORA ERMITA PUEBLO NUEVO SOLISTAHUACAN,CSSSA005370,NULL
705010217,CASA DE SALUD LOS LOTES PUEBLO NUEVO SOLISTAHUACAN,CSSSA005382,NULL
705010218,CASA DE SALUD EL ESTORAQUE PUEBLO NUEVO SOLISTAHUACAN,CSSSA005394,NULL
705010219,CASA DE SALUD MONTE OLIVO PUEBLO NUEVO SOLISTAHUACAN,CSSSA005406,NULL
705010220,CASA DE SALUD PLAN LAZARO CARDENAS PUEBLO NUEVO SOLIST,CSSSA005411,NULL
705010221,CASA DE SALUD EMILIANO ZAPATA II PUEBLO NUEVO SOLISTAH,CSSSA005423,NULL
705010222,CASA DE SALUD GUADALUPE VICTORIA RAYON,CSSSA005452,NULL
705010223,CENTRO DE SALUD RURAL 1 NB MIGUEL ALDAMA REFORMA,CSSSA020152,NULL
705010224,CASA DE SALUD IGNACIO ZARAGOZA REFORMA,CSSSA005481,NULL
705010225,CENTRO DE SALUD RURAL 1 NB MACAYO 2A. SECCION REFORMA,CSSSA005493,NULL
705010226,CENTRO DE SALUD RURAL 1 NB RURAL MACAYO 3A. SECCION REFORMA,CSSSA018880,NULL
705010227,CENTRO DE SALUD RURAL 1 NB RAFAEL PASCACIO GAMBOA REFORMA,CSSSA017591,NULL
705010228,CENTRO DE SALUD RURAL 1 NB LA CEIBA SIMOJOVEL,CSSSA017586,NULL
705010229,CASA DE SALUD LOS POCITOS SIMOJOVEL,CSSSA006152,NULL
705010230,CASA DE SALUD GUADALUPE VICTORIA SIMOJOVEL,CSSSA006164,NULL
705010232,CASA DE SALUD CONCEPCION BUENAVISTA SIMOJOVEL,CSSSA006181,NULL
705010233,CASA DE SALUD EL BENEFICIO SOLOSUCHIAPA,CSSSA006321,NULL
705010234,CENTRO DE SALUD RURAL 2 NB NUEVO SAN ANTONIO SOLOSUCHIAPA,CSSSA019575,NULL
705010235,CASA DE SALUD ESQUIPULAS SUNUAPA,CSSSA006391,NULL
705010236,CASA DE SALUD MAZONO TAPALAPA,CSSSA006666,NULL
705020010,HOSPITAL GENERAL PICHUCALCO,CSSSA004945,NULL
705020020,HOSPITAL GENERAL REFORMA,CSSSA009186,NULL
705040001,HOSPITAL BASICO COMUNITARIO DE OSTUACAN,CSSSA019242,NULL
705040002,HOSPITAL BASICO COMUNITARIO  DE TAPILULA,CSSSA017521,NULL
705040003,HOSPITAL BASICO COMUNITARIO SIMOJOVEL,CSSSA009256,NULL
705050001,UNIDAD MOVIL EL LIMON AMATAN,CSSSA000255,NULL
705050002,UNIDAD MOVIL LAS DELICIAS EL BOSQUE,CSSSA000762,NULL
705050003,UNIDAD MOVIL LA VENTANA HUITIUPAN,CSSSA002582,NULL
705050004,UNIDAD MOVIL JUAN DEL GRIJALVA OSTUACAN,CSSSA004455,NULL
705050007,UNIDAD MOVIL SANTA CRUZ REFORMA,CSSSA005505,NULL
705050008,UNIDAD MOVIL CARMITO BUENA VISTA SIMOJOVEL,CSSSA006106,NULL
705060001,UNIDAD MOVIL CARAVANA TIPO 0 SAN MIGUEL EL BOSQUE,CSSSA012781,NULL
705060002,UNIDAD MOVIL CARAVANA TIPO 0 ENRIQUE RODRIGUEZ CANO HUITIUPAN,CSSSA012365,NULL
705060003,UNIDAD MOVIL CARAVANA TIPO 0 SANTA ANITA IXHUATAN,CSSSA018315,NULL
705060004,UNIDAD MOVIL CARAVANA TIPO 0 PLAN PAREDON JITOTOL,CSSSA012763,NULL
705060005,UNIDAD MOVIL CARAVANA TIPO 2 EL TRIUNFO PANTEPEC,CSSSA017825,NULL
705060006,UNIDAD MOVIL CARAVANA TIPO 1 CAMOAPA 1A. SECCION PICHUCALCO,CSSSA018163,NULL
705060007,UNIDAD MOVIL CARAVANA TIPO 0 JOCHOMPAT CARMEN GRANDE SIMOJOVEL,CSSSA012353,NULL
705060008,UNIDAD MOVIL CARAVANA TIPO 0 LAS LIMAS SIMOJOVEL,CSSSA012790,NULL
705060009,UNIDAD MOVIL CARAVANA TIPO 0 YUQUIN SIMOJOVEL,CSSSA012772,NULL
705060010,UNIDAD MOVIL CARAVANA TIPO 0 JOSE CASTILLO TIELEMANS SIMOJOVEL,CSSSA012580,NULL
705060011,UNIDAD MOVIL CARAVANA TIPO 1 JOTOLCHEN SAN ANDRES DURAZNAL,CSSSA018175,NULL
705090001,ALMACEN JURISDICCIONAL (PICHUCALCO),CSSSA017370,NULL
705110051,CENTRO DE SALUD CON SERVICIOS AMPLIADOS JITOTOL,CSSSA009326,NULL
705110052,CENTRO DE SALUD CON SERVICIOS AMPLIADOS HUITIUPAN,CSSSA009355,NULL
705110053,CENTRO DE SALUD CON SERVICIOS AMPLIADOS CHAPULTENANGO DR MANUEL VELASCO SUAREZ,CSSSA009384,NULL
706010001,OFICINA JURISDICCIONAL No. VI (PALENQUE),CSSSA017271,NULL
706010002,CENTRO DE SALUD URBANO 9 NB PALENQUE ,CSSSA004600,NULL
706010007,CENTRO DE SALUD RURAL 1 NB MIGUEL HIDALGO PALENQUE,CSSSA004776,NULL
706010008,CENTRO DE SALUD RURAL 1 NB NUEVA ESPERANZA 1A. SECCION PALENQUE,CSSSA004670,NULL
706010009,CENTRO DE SALUD RURAL 1 NB SATURNINO RIOS PALENQUE,CSSSA004793,NULL
706010010,CENTRO DE SALUD RURAL 2 NB RIO CHANCALA PALENQUE,CSSSA004694,NULL
706010011,CENTRO DE SALUD RURAL 1 NB CHOCOLJAITO PALENQUE,CSSSA004810,NULL
706010012,CENTRO DE SALUD RURAL 1 NB EBEN EZER PALENQUE,CSSSA004822,NULL
706010013,CENTRO DE SALUD RURAL 1 NB SAN MARTIN CHAMIZAL PALENQUE,CSSSA004723,NULL
706010014,CENTRO DE SALUD RURAL 1 NB EL NARANJO PALENQUE,CSSSA004665,NULL
706010021,CENTRO DE SALUD URBANO 5 NB YAJALON ,CSSSA008276,NULL
706010031,CENTRO DE SALUD RURAL 2 NB LA LIBERTAD,CSSSA003171,NULL
706010041,CENTRO DE SALUD RURAL 1 NB LOS NARANJOS SABANILLA,CSSSA005580,NULL
706010042,CENTRO DE SALUD RURAL 1 NB ATOYAC NAYLUM SABANILLA,CSSSA005621,NULL
706010043,CENTRO DE SALUD RURAL 1 NB EL PARAISO SABANILLA,CSSSA005592,NULL
706010051,CENTRO DE SALUD RURAL 1 NB RIO JORDAN SALTO DE AGUA,CSSSA005720,NULL
706010052,CENTRO DE SALUD RURAL 1 NB SAN PEDRO SABANA SALTO DE AGUA,CSSSA005756,NULL
706010053,CENTRO DE SALUD RURAL 1 NB IGNACIO ZARAGOZA SALTO DE AGUA,CSSSA005662,NULL
706010054,CENTRO DE SALUD RURAL 1 NB ARROYO PALENQUE SALTO DE AGUA,CSSSA005650,NULL
706010056,CENTRO DE SALUD CON HOSPITALIZACION SALTO DE AGUA,CSSSA005645,NULL
706010061,CENTRO DE SALUD RURAL 1 NB ALVARO OBREGON TILA,CSSSA006951,NULL
706010062,CENTRO DE SALUD RURAL 1 NB JOLJA TIONTIEPA TILA,CSSSA007050,NULL
706010063,CENTRO DE SALUD RURAL 1 NB USIPA TILA,CSSSA007004,NULL
706010064,CENTRO DE SALUD RURAL 1 NB WILLIS 2Âª SECCION TILA,CSSSA007062,NULL
706010065,CENTRO DE SALUD RURAL 1 NB NUEVO LIMAR TILA,CSSSA007033,NULL
706010066,CENTRO DE SALUD RURAL 1 NB TILA ,CSSSA006946,NULL
706010071,CENTRO DE SALUD RURAL 1 NB BENITO JUAREZ TUMBALA,CSSSA007535,NULL
706010072,CENTRO DE SALUD RURAL 1 NB EMILIANO ZAPATA MARQUES DE COMILLAS,CSSSA019913,NULL
706010073,CENTRO DE SALUD RURAL 1 NB IGNACIO ALLENDE TUMBALA,CSSSA007506,NULL
706010074,CENTRO DE SALUD RURAL 1 NB TUMBALA ,CSSSA007494,NULL
706010081,CENTRO DE SALUD RURAL 1 NB NUEVO VERACRUZ BENEMERITO DE LAS AMERICAS,CSSSA008503,NULL
706010082,CENTRO DE SALUD RURAL 1 NB QUETZALCOALT BENEMERITO DE LAS AMERICAS,CSSSA008515,NULL
706010091,CENTRO DE SALUD RURAL 1 NB QUIRINGUICHARO MARQUES DE COMILLAS,CSSSA008614,NULL
706010092,CENTRO DE SALUD RURAL 1 NB BOCA DE CHAJUL MARQUES DE COMILLAS,CSSSA008590,NULL
706010100,CENTRO DE SALUD RURAL 1 NB FRONTERA COROZAL OCOSINGO,CSSSA004040,NULL
706010101,CENTRO DE SALUD CON HOSPITALIZACION NUEVA PALESTINA OCOSINGO,CSSSA004035,NULL
706010102,CENTRO DE SALUD RURAL 1 NB SANTO DOMINGO OCOSINGO,CSSSA004076,NULL
706010103,CASA DE SALUD LA TUZA CATAZAJA,CSSSA000815,NULL
706010104,CENTRO DE SALUD RURAL 1 NB VILLA FRACCIONAMIENTO EL ROSARIO CATAZAJA,CSSSA000820,NULL
706010105,CASA DE SALUD BENITO JUAREZ LA LIBERTAD,CSSSA003183,NULL
706010106,CASA DE SALUD ALDAMA LA LIBERTAD,CSSSA003195,NULL
706010107,CASA DE SALUD CHACAMAX PALENQUE,CSSSA004612,NULL
706010108,CENTRO DE SALUD RURAL 1 NB LAZARO CARDENAS PALENQUE,CSSSA004641,NULL
706010109,CASA DE SALUD SAN MATEO PALENQUE,CSSSA004735,NULL
706010110,CASA DE SALUD TOMAS GARRIDO CANABAL PALENQUE,CSSSA004740,NULL
706010111,CENTRO DE SALUD RURAL 1 NB ROBERTO BARRIOS PALENQUE,CSSSA004764,NULL
706010112,CASA DE SALUD ARIMATEA PALENQUE,CSSSA017673,NULL
706010113,CASA DE SALUD SAN JUAN TULIJA (SAN JUAN) PALENQUE,CSSSA017661,NULL
706010114,CENTRO DE SALUD RURAL 1 NB NUEVA ESPERANZA PROGRESISTA PALENQUE,CSSSA004834,NULL
706010115,CENTRO DE SALUD RURAL 1 NB LA UNION PALENQUE,CSSSA004752,NULL
706010116,CASA DE SALUD SAN MATEO (ANTES SAN FELIPE) PALENQUE,CSSSA004706,NULL
706010117,CASA DE SALUD QUIOICH SABANILLA,CSSSA005604,NULL
706010118,CASA DE SALUD FRANCISCO VILLA SABANILLA,CSSSA005616,NULL
706010119,CENTRO DE SALUD RURAL 1 NB ARROYO AGUA AZUL (MIRAFLORES) SALTO DE AGUA,CSSSA019831,NULL
706010120,CENTRO DE SALUD RURAL 1 NB CHUCHUCLUMIL SALTO DE AGUA,CSSSA019843,NULL
706010121,CASA DE SALUD SANTA RITA 1A SECC MICHOL SALTO DE AGUA,CSSSA005674,NULL
706010122,CENTRO DE SALUD RURAL 1 NB NUEVO MUNDO SALTO DE AGUA,CSSSA005686,NULL
706010123,CENTRO DE SALUD RURAL 1 NB EL PROGRESO SALTO DE AGUA,CSSSA019855,NULL
706010124,CASA DE SALUD SANTA MARIA SALTO DE AGUA,CSSSA017632,NULL
706010125,CENTRO DE SALUD RURAL 1 NB TIEMOPA SALTO DE AGUA,CSSSA008824,NULL
706010126,CASA DE SALUD AGUA CLARA SALTO DE AGUA,CSSSA005744,NULL
706010127,CENTRO DE SALUD RURAL 1 NB TIENTIUL GRANDE 2A. SECC SALTO DE AGUA,CSSSA019860,NULL
706010128,CASA DE SALUD CARRIZAL TILA,CSSSA006963,NULL
706010129,CENTRO DE SALUD RURAL 1 NB JOLJA TILA,CSSSA020065,NULL
706010130,CASA DE SALUD ZAQUITEL OJO DE AGUA TILA,CSSSA007021,NULL
706010131,CENTRO DE SALUD RURAL 2 NB CACAHUATAL TUMBALA,CSSSA007511,NULL
706010132,CENTRO DE SALUD RURAL 1 NB CUCTIEPA TUMBALA,CSSSA019872,NULL
706010133,CENTRO DE SALUD RURAL 1 NB EMILIANO ZAPATA TUMBALA,CSSSA007523,NULL
706010134,CENTRO DE SALUD RURAL 1 NB ARROYO AGUA AZUL TUMBALA,CSSSA019884,NULL
706010135,CASA DE SALUD LA LAGUNA YAJALON,CSSSA008310,NULL
706010136,CASA DE SALUD NUEVA REFORMA BENEMERITO DE LAS AMERICAS,CSSSA017685,NULL
706010137,CENTROS DE SALUD CON SERVICIOS AMPLIADOS ZAMORA PICO DE ORO,CSSSA019983,NULL
706010138,CENTRO DE SALUD RURAL 1 NB  LIC. ADOLFO LOPEZ MATEOS MARQUES DE COMILLAS,CSSSA019901,NULL
706010139,CENTRO DE SALUD RURAL 1 NB AMERICA LIBRE MARQUES DE COMILLAS,CSSSA019896,NULL
706010200,CENTRO DE SALUD CON HOSPITALIZACION PLAYAS DE CATAZAJA,CSSSA000791,NULL
706010201,UNIDAD MOVIL BOCA DEL RIO CHICO CATAZAJA,CSSSA000803,NULL
706010502,CENTRO DE SALUD RURAL 1 NB VICENTE GUERRERO SALTO DE AGUA,CSSSA005732,NULL
706020010,HOSPITAL GENERAL PALENQUE,CSSSA004595,NULL
706020020,HOSPITAL GENERAL YAJALON,CSSSA008264,NULL
706020030,"HOSPITAL GENERAL YAJALÓN ""DR. JOSE MANUEL VELASCO SILES""",CSSSA009232,NULL
706040001,HOSPITAL BASICO COMUNITARIO DE SANTO DOMINGO| OCOSINGO,CSSSA017731,NULL
706040002,HOSPITAL BASICO COMUNITARIO DE TILA,CSSSA006934,NULL
706050002,UNIDAD MOVIL NUEVO EDEN PALENQUE,CSSSA004624,NULL
706050003,UNIDAD MOVIL POTLOJA SALTO DE AGUA,CSSSA005691,NULL
706050004,UNIDAD MOVIL ARROYO DELICIAS BENEMERITO DE LAS AMERICAS,CSSSA008491,NULL
706060001,UNIDAD MOVIL CARAVANA TIPO 0 LA ARENA OCOSINGO,CSSSA012674,NULL
706060002,UNIDAD MOVIL CARAVANA TIPO 0 NUEVO MARISCAL OCOSINGO,CSSSA012406,NULL
706060003,UNIDAD MOVIL CARAVANA TIPO 0 NUEVA LIBERTAD OCOSINGO,CSSSA012534,NULL
706060004,UNIDAD MOVIL CARAVANA TIPO 0 EL EDEN PALENQUE,CSSSA012493,NULL
706060005,UNIDAD MOVIL CARAVANA TIPO 0 LIC GUSTAVO DIAZ ORDAZ PALENQUE,CSSSA012505,NULL
706060006,UNIDAD MOVIL CARAVANA TIPO 0 LINDAVISTA (CHINIQUIJA) PALENQUE,CSSSA012510,NULL
706060007,UNIDAD MOVIL CARAVANA TIPO 0 PUYIPA PALENQUE,CSSSA012633,NULL
706060008,UNIDAD MOVIL CARAVANA TIPO 0 SAN JUAN CHANCALAITO PALENQUE,CSSSA012841,NULL
706060009,UNIDAD MOVIL CARAVANA TIPO 0 EL LACANDON PALENQUE,CSSSA012481,NULL
706060010,UNIDAD MOVIL CARAVANA TIPO 0 RICARDO FLORES MAGON PALENQUE,CSSSA012522,NULL
706060011,UNIDAD MOVIL CARAVANA TIPO 0 LAZARO CARDENAS DEL RIO SABANILLA,CSSSA012546,NULL
706060012,UNIDAD MOVIL CARAVANA TIPO 0 ASUNCION HUITIUPAN SABANILLA,CSSSA012551,NULL
706060013,UNIDAD MOVIL CARAVANA TIPO 0  CHAPAYAL SALTO DE AGUA,CSSSA012662,NULL
706060014,UNIDAD MOVIL CARAVANA TIPO 0 LA CONCORDIA SALTO DE AGUA,CSSSA012832,NULL
706060015,UNIDAD MOVIL CARAVANA TIPO 2 DOS RIOS SALTO DE AGUA,CSSSA017830,NULL
706060016,UNIDAD MOVIL CARAVANA TIPO 0 JOSE MARIA PINO SUAREZ SALTO DE AGUA,CSSSA012575,NULL
706060017,UNIDAD MOVIL CARAVANA TIPO 0 TORTUGUERO 2A. SECCION SALTO DE AGUA,CSSSA012563,NULL
706060018,UNIDAD MOVIL CARAVANA TIPO 0 JOLNOPA GUADALUPE TILA,CSSSA012814,NULL
706060019,UNIDAD MOVIL CARAVANA TIPO 0 CERRO MISOPA TILA,CSSSA012616,NULL
706060020,UNIDAD MOVIL CARAVANA TIPO 0 EL OCOTAL TILA,CSSSA012645,NULL
706060021,UNIDAD MOVIL CARAVANA TIPO 0 VILLAFLORES TILA,CSSSA012805,NULL
706060022,UNIDAD MOVIL CARAVANA TIPO 0 FLOR DE CAFE TUMBALA,CSSSA018180,NULL
706060023,UNIDAD MOVIL CARAVANA TIPO 0 SOMBRA GRANDE TUMBALA,CSSSA012336,NULL
706060024,UNIDAD MOVIL CARAVANA TIPO 0 SHASHIJA YAJALON,CSSSA012312,NULL
706060025,UNIDAD MOVIL CARAVANA TIPO 0 ESPERANZA TAKINUKUM YAJALON,CSSSA012823,NULL
706060026,UNIDAD MOVIL CARAVANA TIPO 0 ARROYO CARRIZAL YAJALON,CSSSA012621,NULL
706060027,UNIDAD MOVIL CARAVANA TIPO 0 TULAQUIL YAJALON,CSSSA012341,NULL
706060028,UNIDAD MOVIL CARAVANA TIPO 0 ESPERANZA SETZER YAJALON,CSSSA012686,NULL
706060029,UNIDAD MOVIL CARAVANA TIPO 0 SANTA CANDELARIA YAJALON,CSSSA012650,NULL
706060030,UNIDAD MOVIL CARAVANA TIPO 0 CALVARIO BAHUITZ YAJALON,CSSSA012324,NULL
706060031,UNIDAD MOVIL CARAVANA TIPO 0 CALVARIO LAS DELICIAS YAJALON,CSSSA012271,NULL
706070001,PALENQUE (UNEME CAPA),CSSSA019172,NULL
706070002,PALENQUE (U.N.E.M.E. CIRUGIA AMBULATORIA),CSSSA019510,NULL
706090001,ALMACEN JURISDICCIONAL (PALENQUE),CSSSA017382,NULL
706110061,CENTRO DE SALUD CON SERVICIOS AMPLIADOS SABANILLA,CSSSA009302,NULL
706110062,CENTRO DE SALUD CON SERVICIOS AMPLIADOS SANTA MARIA| SALTO DE AGUA,CSSSA009372,NULL
707010001,OFICINA JURISDICCIONAL No. VII (TAPACHULA),CSSSA017283,NULL
707010002,CENTRO DE SALUD URBANO 10 NB TAPACHULA,CSSSA006444,NULL
707010007,CENTRO DE SALUD URBANO 3 NB VILLA DE LAS FLORES TAPACHULA,CSSSA006420,NULL
707010008,CENTRO DE SALUD URBANO 4 NB TAPACHULA INDECO CEBADILLA,CSSSA006432,NULL
707010009,CENTRO DE SALUD RURAL 1 NB VIVA MEXICO TAPACHULA,CSSSA006601,NULL
707010010,CENTRO DE SALUD RURAL 1 NB EL EDEN TAPACHULA,CSSSA006485,NULL
707010011,CENTRO DE SALUD RURAL 3 NB PUERTO MADERO TAPACHULA,CSSSA006531,NULL
707010012,CENTRO DE SALUD RURAL 1 NB ALVARO OBREGON TAPACHULA,CSSSA006456,NULL
707010013,CENTRO DE SALUD URBANO 1 NB NUEVO MILENIO TAPACHULA,CSSSA018040,NULL
707010014,CENTRO DE SALUD RURAL 1 NB CEBADILLA 2A. SECCION TAPACHULA,CSSSA006473,NULL
707010015,CENTRO DE SALUD RURAL 1 NB JOSE MARIA MORELOS TAPACHULA,CSSSA006526,NULL
707010016,CASA DE SALUD PLAYA LINDA TAPACHULA,CSSSA018035,NULL
707010017,CENTRO DE SALUD RURAL 3 NB RAYMUNDO ENRIQUEZ TAPACHULA,CSSSA006543,NULL
707010020,CASA DE SALUD SANTA CLARA MAZATAN,CSSSA003661,NULL
707010031,CENTRO DE SALUD URBANO 5 NB HUIXTLA,CSSSA002623,NULL
707010041,CENTRO DE SALUD RURAL 2 NB EL TRIUNFO ESCUINTLA,CSSSA002256,NULL
707010043,CENTRO DE SALUD RURAL 1 NB SAN FELIPE TIZAPA ESCUINTLA,CSSSA002244,NULL
707010044,CENTRO DE SALUD CON HOSPITALIZACION  ESCUINTLA,CSSSA002203,NULL
707010045,CENTRO DE SALUD R 1 NB MANACAL LLANO GRANDE ESCUINTLA,CSSSA002261,NULL
707010051,CENTRO DE SALUD RURAL 2 NB ACAPETAHUA,CSSSA000086,NULL
707010061,CENTRO DE SALUD RURAL 3 NB VILLA COLMALTITLAN,CSSSA005266,NULL
707010071,CENTRO DE SALUD RURAL 2 NB HUEHUETAN ,CSSSA002430,NULL
707010114,CENTRO DE SALUD RURAL 1 NB MIGUEL ALEMAN SUCHIATE,CSSSA017171,NULL
707010160,CENTRO DE SALUD RURAL 1 NB UNION JUAREZ,CSSSA007820,NULL
707010900,CENTRO DE SALUD URBANO 3 NB MAZATAN ,CSSSA018006,NULL
707011001,CASA DE SALUD MARTE R. GOMEZ MAZATAN,CSSSA003656,NULL
707013000,CENTRO DE SALUD URBANO 4 NB CIUDAD HIDALGO SUCHIATE,CSSSA006362,NULL
707013001,CENTRO DE SALUD RURAL 1 NB FRONTERA HIDALGO,CSSSA002401,NULL
707015000,CENTRO DE SALUD RURAL 2 NB TUXTLA CHICO,CSSSA007663,NULL
707016000,CENTRO DE SALUD RURAL 1 NB CARRILLO PUERTO TAPACHULA,CSSSA006461,NULL
707017000,CENTRO DE SALUD RURAL 3 NB MAPASTEPEC,CSSSA003200,NULL
707017001,CASA DE SALUD NUEVA REFORMA ACACOYAGUA,CSSSA000016,NULL
707017002,CASA DE SALUD FLOR DEL CARMEN ACACOYAGUA,CSSSA000021,NULL
707017003,CENTRO DE SALUD RURAL 1 NB LAS BRISAS ACACOYAGUA,CSSSA000033,NULL
707017004,CENTRO DE SALUD RURAL 1 NB BARRA DE ZACAPULCO ACAPETAHUA,CSSSA000091,NULL
707017005,CENTRO DE SALUD RURAL 1 NB EJIDO LAS MURALLAS ACAPETAHUA,CSSSA000103,NULL
707017006,CASA DE SALUD JIQUILPAN ACAPETAHUA,CSSSA017982,NULL
707017007,CENTRO DE SALUD RURAL 1 NB LAS LAURAS ACAPETAHUA,CSSSA017970,NULL
707017008,CASA DE SALUD SAN JOSE AGUAJAL ACAPETAHUA,CSSSA000132,NULL
707017009,CASA DE SALUD RIO NEGRO ACAPETAHUA,CSSSA000144,NULL
707017010,CASA DE SALUD FRANCISCO VILLA ACAPETAHUA,CSSSA000156,NULL
707017011,CASA DE SALUD MIXCUM CACAHOATAN,CSSSA000786,NULL
707017012,CASA DE SALUD FRACCION BANDERAS ESCUINTLA,CSSSA002215,NULL
707017013,CASA DE SALUD OVANDO TURQUIA ESCUINTLA,CSSSA002220,NULL
707017014,CASA DE SALUD SANTA EMILIA ESCUINTLA,CSSSA002232,NULL
707017016,CASA DE SALUD CANTON SANTA CRUZ FRONTERA HIDALGO,CSSSA002413,NULL
707017017,CASA DE SALUD COAPANTES BUENA VISTA HUEHUETAN,CSSSA002442,NULL
707017018,CASA DE SALUD CANTON CHAMULAPA HUEHUETAN,CSSSA002454,NULL
707017019,CASA DE SALUD SANTA ELENA HUEHUETAN,CSSSA002466,NULL
707017020,CASA DE SALUD DELICIAS HUIXTLA,CSSSA002635,NULL
707017021,CASA DE SALUD EFRAIN A. GUTIERREZ HUIXTLA,CSSSA002640,NULL
707017022,CENTRO DE SALUD RURAL 1 NB JOSE MARIA MORELOS Y PAVON HUIXTLA,CSSSA002664,NULL
707017023,CASA DE SALUD CANTON PLAYA GRANDE HUIXTLA,CSSSA002676,NULL
707017024,CASA DE SALUD TZINACAL BUENOS AIRES HUIXTLA,CSSSA002681,NULL
707017025,CASA DE SALUD LA UNION HUIXTLA,CSSSA002693,NULL
707017026,CASA DE SALUD AZTLAN HUIXTLA,CSSSA002705,NULL
707017027,CASA DE SALUD DR. SAMUEL LEON BRINDIS MAPASTEPEC,CSSSA017166,NULL
707017028,CASA DE SALUD ABRAHAM GONZALEZ MAPASTEPEC,CSSSA003236,NULL
707017029,CASA DE SALUD BARRITA DE PAJON MAPASTEPEC,CSSSA003241,NULL
707017030,CASA DE SALUD EJIDO IBARRA MAPASTEPEC,CSSSA003253,NULL
707017031,CASA DE SALUD SOLO DIOS MAPASTEPEC,CSSSA017994,NULL
707017032,CASA DE SALUD CANTON CORRALITO MAZATAN,CSSSA003644,NULL
707017033,CASA DE SALUD LA VICTORIA MAZATAN,CSSSA003673,NULL
707017034,CASA DE SALUD ADOLFO RUIZ CORTINES MAZATAN,CSSSA003685,NULL
707017035,CASA DE SALUD LAZARO CARDENAS MAZATAN,CSSSA003690,NULL
707017036,CASA DE SALUD LA FLOR DE LOTE UNO VILLA COMALTITLAN,CSSSA005271,NULL
707017037,CASA DE SALUD LA FLOR DE LOTE II VILLA COMALTITLAN,CSSSA005283,NULL
707017038,CASA DE SALUD MANUEL AVILA CAMACHO VILLA COMALTITLAN,CSSSA005295,NULL
707017039,CASA DE SALUD MONTE FLOR ARRIBA VILLA COMALTITLAN,CSSSA005300,NULL
707017040,CASA DE SALUD MULATAL VILLA COMALTITLAN,CSSSA005312,NULL
707017041,CASA DE SALUD RIO ARRIBA SALVACION VILLA COMALTITLAN,CSSSA005324,NULL
707017042,CASA DE SALUD CANTON SANTA CRUZ LA UNION V COMALTITLAN,CSSSA005336,NULL
707017043,CASA DE SALUD EMILIANO ZAPATA SUCHIATE,CSSSA006374,NULL
707017044,CASA DE SALUD TIERRA Y LIBERTAD SUCHIATE,CSSSA006386,NULL
707017045,CENTRO DE SALUD URBANO 3 NB TAPACHULA SANTA CLARA,CSSSA006415,NULL
707017046,CASA DE SALUD CANTON ACAXMAN TAPACHULA,CSSSA006654,NULL
707017047,CASA DE SALUD FRACCION HERMOSILLO TAPACHULA,CSSSA006490,NULL
707017048,CASA DE SALUD HIDALGO TAPACHULA,CSSSA018011,NULL
707017049,CENTRO DE SALUD RURAL 2 NB LLANO DE LA LIMA TAPACHULA,CSSSA006502,NULL
707017050,CASA DE SALUD SAN CRISTOBAL BUENA VISTA TAPACHULA,CSSSA006555,NULL
707017051,CASA DE SALUD SAN NICOLAS LAGARTERO TAPACHULA,CSSSA018023,NULL
707017052,CENTRO DE SALUD RURAL 1 NB TINAJAS 1A. SECC TAPACHULA,CSSSA006572,NULL
707017053,CASA DE SALUD 3A. SECCION TINAJAS TAPACHULA,CSSSA006584,NULL
707017054,CASA DE SALUD EJIDO TOLUCA TAPACHULA,CSSSA006596,NULL
707017055,CASA DE SALUD 2A. SECCION DE TINAJAS TAPACHULA,CSSSA006613,NULL
707017056,CASA DE SALUD EJIDO CHANJALE SALCHIJI TAPACHULA,CSSSA006625,NULL
707017057,CASA DE SALUD CANTON PROVIDENCIA TAPACHULA,CSSSA006630,NULL
707017058,CASA DE SALUD CANTON EL TRIUNFO TAPACHULA,CSSSA006642,NULL
707017059,CENTRO DE SALUD URBANO 1 NB LAS PALMERAS TAPACHULA,CSSSA018723,NULL
707017060,CASA DE SALUD 2A. SECCION IZAPA TUXTLA CHICO,CSSSA007675,NULL
707017061,CENTRO DE SSALUD RURAL 1 NB 1A SECC DE MEDIO MONTE TUXTLA CHICO,CSSSA007680,NULL
707017062,CASA DE SALUD 2A. SECCION MEDIO MONTE TUXTLA CHICO,CSSSA007692,NULL
707017063,CASA DE SALUD TALISMAN TUXTLA CHICO,CSSSA007704,NULL
707017064,CASA DE SALUD SECCION LA TOMA TUXTLA CHICO,CSSSA007716,NULL
707017065,CASA DE SALUD VICENTE GUERRERO TUXTLA CHICO,CSSSA017183,NULL
707017066,CASA DE SALUD CANTON EL SACRIFICIO TUXTLA CHICO,CSSSA007721,NULL
707017067,CASA DE SALUD CHIPILIN TUZANTAN,CSSSA007733,NULL
707017068,CENTRO DE SALUD RURAL 1 NB ISLAMAPA TUZANTAN,CSSSA007745,NULL
707017069,CASA DE SALUD SEGUNDO CANTON TUZANTAN,CSSSA007750,NULL
707017070,CASA DE SALUD 29 DE DICIEMBRE TUZANTAN,CSSSA007762,NULL
707017071,CASA DE SALUD TRINIDAD UNION JUAREZ,CSSSA007832,NULL
707020020,HOSPITAL GENERAL HUIXTLA ,CSSSA002611,NULL
707020030,HOSPITAL GENERAL TAPACHULA,CSSSA009244,NULL
707050001,UNIDAD MEDICA MOVIL ACUATICA (LA LUPE) ACAPETAHUA,CSSSA000120,NULL
707050002,UNIDAD MEDICA MOVIL ESTRELLA ROJA HUIXTLA,CSSSA002652,NULL
707050003,UNIDAD MOVIL ADOLFO RUIZ CORTINES MAPASTEPEC,CSSSA003212,NULL
707050004,UNIDAD MOVIL LA PLAYA MAPASTEPEC,CSSSA003224,NULL
707050005,UNIDAD MOVIL RANCHERIA SANTA RITA TAPACHULA,CSSSA006560,NULL
707060001,UNIDAD MOVIL CARAVANA TIPO 0 TOQUIAN CHIQUITO TAPACHULA,CSSSA012604,NULL
707060002,UNIDAD MOVIL CARAVANA TIPO 0 MANACAL TAPACHULA,CSSSA012592,NULL
707070001,TAPACHULA (U.N.E.M.E. CAPACITS),CSSSA018600,NULL
707070002,TAPACHULA (U.N.E.M.E. CAPA II ),CSSSA018624,NULL
707070003,TAPACHULA (U.N.E.M.E. SORID),CSSSA018595,NULL
707070004,TAPACHULA (U.N.E.M.E. CAPA I ),CSSSA018612,NULL
707090001,ALMACEN JURISDICCIONAL (TAPACHULA),CSSSA017394,NULL
707110071,CENTRO DE SALUD CON SERVICIOS AMPLIADOS CACAHOATAN DR MANUEL VELASCO SUAREZ,CSSSA009331,NULL
708010001,OFICINA JURISDICCIONAL No. VIII (TONALA),CSSSA017295,NULL
708010003,CENTRO DE SALUD URBANO 7 NB TONALA ,CSSSA009174,NULL
708010006,CENTRO DE SALUD RURAL 2 NB PUERTO ARISTA TONALA,CSSSA007091,NULL
708010007,CENTRO DE SALUD RURAL 1 NB PESQUERIA LA GLORIA ARRIAGA,CSSSA000506,NULL
708010008,CENTRO DE SALUD RURAL 2 NB CABEZA DE TORO TONALA,CSSSA007115,NULL
708010010,CENTRO DE SALUD RURAL 1 NB NOYOLA TONALA,CSSSA007161,NULL
708010011,CENTRO DE SALUD RURAL 2 NB LA AZTECA ARRIAGA,CSSSA000482,NULL
708010012,CASA DE SALUD SAN LUQUEÑO (LA COSTA) TONALA,CSSSA007231,NULL
708010013,CENTRO DE SALUD RURAL 1 NB IGNACIO RAMIREZ TONALA,CSSSA007144,NULL
708010014,CENTRO DE SALUD RURAL 1 NB NICOLAS BRAVO ARRIAGA,CSSSA000535,NULL
708010015,CENTRO DE SALUD URBANO 6 NB ARRIAGA ,CSSSA000465,NULL
708010016,CENTRO DE SALUD RURAL 1 NB EL MANGUITO TONALA,CSSSA017620,NULL
708010017,CASA DE SALUD EL TERRERO TONALA,CSSSA007202,NULL
708010018,CASA DE SALUD HUACHIPILIN CALENTURA TONALA,CSSSA007132,NULL
708010019,CENTRO DE SALUD RURAL 1 NB PUEBLO NUEVO TONALA,CSSSA007185,NULL
708010020,CASA DE SALUD 20 DE NOVIEMBRE TONALA,CSSSA007214,NULL
708010021,CENTRO DE SALUD URBANO 3 NB PAREDON TONALA,CSSSA009425,NULL
708010030,CENTRO DE SALUD CON HOSPITALIZACION PIJIJIAPAN,CSSSA005020,NULL
708010301,CENTRO DE SALUD RURAL 1 NB EL CARMEN  PIJIJIAPAN,CSSSA005056,NULL
708010302,CENTRO DE SALUD R 1 NB NUEVA COAPA ECHEGARAY PIJIJIAPAN,CSSSA005061,NULL
708010303,CENTRO DE SALUD RURAL 1 NB SAN ISIDRO PIJIJIAPAN,CSSSA005131,NULL
708010304,CASA DE SALUD PROGRESO PIJIJIAPAN,CSSSA005102,NULL
708010305,CENTRO DE SALUD RURAL 1 NB PUENTE MARGARITA PIJIJIAPAN,CSSSA018665,NULL
708010306,CASA DE SALUD LAS ARENAS ARRIAGA,CSSSA000470,NULL
708010307,CASA DE SALUD COL. 5 DE FEBRERO (CALERA) ARRIAGA,CSSSA000494,NULL
708010308,CENTRO DE SALUD RURAL 1 NB LAZARO CARDENAS ARRIAGA,CSSSA000511,NULL
708010309,CENTRO DE SALUD RURAL 1 NB PESQUERIA LA LINEA ARRIAGA,CSSSA000523,NULL
708010310,CENTRO DE SALUD RURAL 1 NB VILLA DEL MAR ARRIAGA,CSSSA018641,NULL
708010311,CASA DE SALUD AGRICOLA 20 DE NOVIEMBRE ( LA MICA) ARRIAGA,CSSSA000552,NULL
708010312,CENTRO DE SALUD RURAL 1 NB LAS BRISAS  PIJIJIAPAN,CSSSA005032,NULL
708010313,CENTRO DE SALUD RURAL 1 NB CACHIMBO PIJIJIAPAN,CSSSA018653,NULL
708010314,CENTRO DE SALUD RURAL 1 NB HERMENEGILDO GALEANA PIJIJIAPAN,CSSSA005073,NULL
708010315,CENTRO DE SALUD RURAL 1 NB JOAQUIN AMARO EJI TAMAULIPAS,CSSSA005085,NULL
708010316,CASA DE SALUD NUEVA FLOR PIJIJIAPAN,CSSSA005090,NULL
708010317,CASA DE SALUD SALTO DE AGUA PIJIJIAPAN,CSSSA005126,NULL
708010318,CASA DE SALUD TAPACHULITA PIJIJIAPAN,CSSSA005143,NULL
708010319,CENTRO DE SALUD RURAL 1 NB EJIDO LA ESPERANZA PIJIJIAPAN,CSSSA005155,NULL
708010320,CASA DE SALUD RANCH. CHOCOHUITAL (EMB. COSTA AZUL) PIJIJIAPAN,CSSSA005160,NULL
708010321,CASA DE SALUD TUTUAM PIJIJIAPAN,CSSSA005172,NULL
708010322,CASA DE SALUD GUSTAVO LOPEZ GUTIERREZ PIJIJIAPAN,CSSSA005184,NULL
708010323,CASA DE SALUD EJIDO NUEVA URBINA PIJIJIAPAN,CSSSA005196,NULL
708010324,CASA DE SALUD EJIDO EL VERGEL PIJIJIAPAN,CSSSA005201,NULL
708010325,CASA DE SALUD EJIDO LA CONQUISTA PIJIJIAPAN,CSSSA005213,NULL
708010326,CASA DE SALUD NUEVO TENEJAPA (EL RECREO) PIJIJIAPAN,CSSSA005225,NULL
708010327,CASA DE SALUD SAN ANTONIO MANCOMUN PIJIJIAPAN,CSSSA005230,NULL
708010328,CENTRO DE SALUD RURAL 1 NB NUEVO MILENIO SANTA CRUZ PIJIJIAPAN,CSSSA005242,NULL
708010329,CASA DE SALUD BELISARIO DOMINGUEZ TONALA,CSSSA007103,NULL
708010330,CASA DE SALUD LA ESPERANZA TONALA,CSSSA007120,NULL
708010331,CENTRO DE SALUD RURAL 1 NB LA LAGUNA TONALA,CSSSA018670,NULL
708010332,CENTRO DE SALUD RURAL 1 NB LA POLKA TONALA,CSSSA018682,NULL
708010333,CENTRO DE SALUD RURAL 1 NB EJIDO MORELOS ESTACION MOJARRAS,CSSSA007226,NULL
708010334,CENTRO DE SALUD RURAL 1 NB RANCHERIA EL CONGRESO TONALA,CSSSA013105,NULL
708010335,CASA DE SALUD UNION Y PROGRESO TONALA,CSSSA007243,NULL
708010336,CASA DE SALUD NATALIO VAZQUEZ PALLARES TONALA,CSSSA007255,NULL
708020010,HOSPITAL GENERAL DR. JUAN C. CORZO TONALA,CSSSA007074,NULL
708020020,HOSPITAL GENERAL JUAREZ ARRIAGA,CSSSA000453,NULL
708040001,HOSPITAL BASICO COMUNITARIO  DR. RAFAEL ALFARO GONZALEZ,CSSSA018740,NULL
708050001,UNIDAD MOVIL CENICEROS PIJIJIAPAN,CSSSA007156,NULL
708050002,UNIDAD MOVIL EL TOPON PIJIJIAPAN,CSSSA005114,NULL
708050003,UNIDAD MOVIL EL ROSARIO PIJIJIAPAN,CSSSA005044,NULL
708050004,UNIDAD MOVIL EL FORTIN PIJIJIAPAN,CSSSA000540,NULL
708070001,TONALA (UNEME CAPA),CSSSA019160,NULL
708090001,ALMACEN JURISDICCIONAL (TONALA),CSSSA017406,NULL
708110081,CENTRO DE SALUD CON SERVICIOS AMPLIADO JOAQUIN MIGUEZ GUTIERREZ,CSSSA009401,NULL
709010009,OFICINA JURISDICCIONAL No. IX (OCOSINGO),CSSSA017300,NULL
709010011,CENTRO DE SALUD RURAL 1 NB NUEVA MORELIA OCOSINGO,CSSSA004105,NULL
709010013,CENTRO DE SALUD RURAL 1 NB PATIHUITZ OCOSINGO,CSSSA004250,NULL
709010016,CENTRO DE SALUD RURAL 1 NB CHAVARICO LAS PALMAS OCOSINGO,CSSSA004163,NULL
709010017,CENTRO DE SALUD RURAL 1 NB NAZARETH OCOSINGO,CSSSA003912,NULL
709010018,CENTRO DE SALUD R. 1 NB SAN JUAN ROMULO CALZ. OCOSINGO,CSSSA004122,NULL
709010019,CASA DE SALUD PERLA DE ACAPULCO OCOSINGO,CSSSA003854,NULL
709010020,CASA DE SALUD DOLORES LAS PALMAS OCOSINGO,CSSSA003895,NULL
709010021,CENTROS DE SALUD CON SERVICIOS AMPLIADOS CHILON ,CSSSA019674,NULL
709010022,CENTRO DE SALUD RURAL 1 NB MEQUEJA CHILON,CSSSA001940,NULL
709010023,CENTRO DE SALUD RURAL 1 NB AURORA GRANDE CHILON,CSSSA001836,NULL
709010024,CENTRO DE SALUD RURAL 1 NB EL CARMEN CHILON,CSSSA018501,NULL
709010025,CENTRO DE SALUD RURAL 1 NB JOL-SACJUN CHILON,CSSSA001911,NULL
709010026,CENTRO DE SALUD RURAL 1 NB JUNA SABINES VERAPAZ CHILON,CSSSA002010,NULL
709010027,CENTRO DE SALUD RURAL 1 NB SAN ANTONIO BULUJIB CHILON,CSSSA002145,NULL
709010028,CENTRO DE SALUD RURAL 1 NB PAMAL NAVIL CHILON,CSSSA001952,NULL
709010029,CENTRO DE SALUD RURAL 1 NB PINABETAL CHILON,CSSSA001976,NULL
709010030,CENTRO DE SALUD RURAL 1 NB CURVA LIQUILWITZ CHILON,CSSSA002104,NULL
709010031,CASA DE SALUD EL MAP CHILON,CSSSA001923,NULL
709010032,UNIDAD MOVIL CARAVANA TIPO 0 NUEVO PINO SUAREZ CHILON,CSSSA018245,NULL
709010033,CENTRO DE SALUD RURAL 1 NB TZASIBILTIC CHILON,CSSSA019732,NULL
709010034,CASA DE SALUD SAN MIGUEL CHIPTIC ALTAMIRANO,CSSSA000214,NULL
709010035,CASA DE SALUD NUEVA GALILEA ALTAMIRANO,CSSSA000190,NULL
709010036,CASA DE SALUD SAN JOSE LA SOLEDAD OCOSINGO,CSSSA008853,NULL
709010037,CASA DE SALUD LA UNION OCOSINGO,CSSSA003965,NULL
709010038,CENTRO DE SALUD RURAL 1 NB TOMAS MUNZER OCOSINGO,CSSSA019650,NULL
709010041,CENTRO DE SALUD RURAL 1 NB GOLONCHAN VIEJO SITALA,CSSSA006205,NULL
709010042,CENTRO DE SALUD RURAL 1 NB PAMALA PICOTE SITALA,CSSSA006234,NULL
709010043,CENTRO DE SALUD MICROREGIONAL SANTA ISABEL SITALA,CSSSA019814,NULL
709010044,UNIDAD MOVIL CARAVANA TIPO 0 CHABECLUMIL SITALA,CSSSA018332,NULL
709010045,CENTRO DE SALUD RURAL 1 NB SANTA BARBARA SITALA,CSSSA006210,NULL
709010046,CENTROS DE SALUD CON SERVICIOS AMPLIADOS SITALA,CSSSA017924,NULL
709010050,CENTRO DE SALUD MICROREGIONAL JOL HICÂ´BATIL CHILON,CSSSA019703,NULL
709010051,CENTRO DE SALUD RURAL 3 NB BACHAJON CHILON,CSSSA001841,NULL
709010052,CENTRO DE SALUD RURAL 1 NB CACATEEL CHILON,CSSSA019715,NULL
709010053,CENTRO DE SALUD RURAL 1 NB PATELNA CHILON,CSSSA018513,NULL
709010055,UNIDAD MOVIL CARAVANA TIPO 0 TZAJALA JERICO,CSSSA020135,NULL
709010057,CENTRO DE SALUD RURAL 1 NB YULUBMAX CHILON,CSSSA018566,NULL
709010061,CENTRO DE SALUD RURAL 1 NB BIENES COMUNALES LA LAGUNA ALTAMIRANO,CSSSA000173,NULL
709010062,CASA DE SALUD LA GRANDEZA ALTAMIRANO,CSSSA000161,NULL
709010073,CENTRO DE SALUD RURAL 1 NB SACJUN CUWITZ CHILON,CSSSA002080,NULL
709010074,CASA DE SALUD NAHILTE 2DA. SECCION CHILON,CSSSA002162,NULL
709010075,CASA DE SALUD WILIBJA CHILON,CSSSA002121,NULL
709010076,CENTRO DE SALUD RURAL 1 NB SULUPHUITZ CHILON,CSSSA019720,NULL
709010077,UNIDAD MOVIL CARAVANA TIPO 1 CHEWAL MUQUENAL,CSSSA017842,NULL
709010078,CENTRO DE SALUD RURAL 1 NB XAXAJATIC CHILON,CSSSA019756,NULL
709010095,CASA DE SALUD ISRAEL OCOSINGO,CSSSA008841,NULL
709010097,CASA DE SALUD SAN MARCOS OCOSINGO,CSSSA003941,NULL
709010100,CASA DE SALUD LA FRONTERA OCOSINGO,CSSSA003900,NULL
709010102,CENTRO DE SALUD RURAL 1 NB LA TRINIDAD OCOSINGO,CSSSA004146,NULL
709010105,CASA DE SALUD BALAXTE OCOSINGO,CSSSA004204,NULL
709010106,CENTRO DE SALUD RURAL 1 NB CONGREGACION VIRGINIA OCOSINGO,CSSSA004006,NULL
709010107,CENTRO DE SALUD RURAL 1 NB YAXOQUIMTELA OCOSINGO,CSSSA003970,NULL
709010108,CASA DE SALUD PUEBLO NUEVO UNO OCOSINGO,CSSSA004175,NULL
709010113,UNIDAD MOVIL CARAVANA TIPO 0  OCOTAL,CSSSA020140,NULL
709010114,CASA DE SALUD EL ZAPOTAL UNO OCOSINGO,CSSSA003982,NULL
709010115,CASA DE SALUD OJO DE AGUA OCOSINGO,CSSSA004023,NULL
709010116,CENTRO DE SALUD CON HOSPITALIZACION SAN QUINTIN OCOSINGO,CSSSA008870,NULL
709010117,CENTRO DE SALUD RURAL 1 NB BELISARIO DOMINGUEZ ALTAMIRANO,CSSSA018443,NULL
709010119,CENTRO DE SALUD RURAL 1 NB FILADELFIA CHILON,CSSSA019744,NULL
709010120,CENTRO DE SALUD RURAL 1 NB CARMEN XAQUILA CHILON,CSSSA018851,NULL
709010121,CENTRO DE SALUD RURAL 1 NB CHABAN CHILON,CSSSA018834,NULL
709010122,CENTRO DE SALUD RURAL 1 NB EL EDEN CHILON,CSSSA018863,NULL
709010123,CENTRO DE SALUD RURAL 1 NB BOLONTON CHILON,CSSSA018525,NULL
709010124,CASA DE SALUD JOYBE CHILON,CSSSA001894,NULL
709010125,CASA DE SALUD JOLAQUIL CHILON,CSSSA001906,NULL
709010126,CENTRO DE SALUD RURAL 1 NB MAPIL CHILON,CSSSA019785,NULL
709010127,CENTRO DE SALUD RURAL 1 NB SAN GABRIEL CHILON,CSSSA018571,NULL
709010128,CENTRO DE SALUD RURAL 1 NB TACUBA NUEVA CHILON,CSSSA019691,NULL
709010129,CENTRO DE SALUD RURAL 1 NB MUQUENAL CHILON,CSSSA018846,NULL
709010130,CENTRO DE SALUD RURAL 1 NB CAMPO BOLONTINA CHILON,CSSSA019773,NULL
709010131,CENTRO DE SALUD RURAL 1 NB RAMOSIL (TZAJALNABIL) CHILON,CSSSA019790,NULL
709010132,CENTRO DE SALUD RURAL 1 NB CRUCERO CHICH CHILON,CSSSA018530,NULL
709010133,CENTRO DE SALUD RURAL 1 NB EL MANGO CHILON,CSSSA018542,NULL
709010134,CENTRO DE SALUD RURAL 1 NB GOLOLTON CHILON,CSSSA018554,NULL
709010135,CENTRO DE SALUD RURAL 1 NB SAN ANTONIO LAS PALOMAS CHILON,CSSSA019761,NULL
709010136,CASA DE SALUD BAJ TRANCA CHILON,CSSSA002005,NULL
709010137,CASA DE SALUD JET-JA 2 CHILON,CSSSA018064,NULL
709010138,CENTRO DE SALUD URBANO 8 NB OCOSINGO ,CSSSA003842,NULL
709010139,CASA DE SALUD AMADOR HERNANDEZ OCOSINGO,CSSSA017446,NULL
709010140,CASA DE SALUD SAN ANTONIO LAS DELICIAS PAMALA OCOSINGO,CSSSA003953,NULL
709010141,CENTRO DE SALUD RURAL 1 NB LA REFORMA OCOSINGO,CSSSA018484,NULL
709010142,CENTRO DE SALUD RURAL 1 NB SANTA ELENA OCOSINGO,CSSSA004011,NULL
709010143,CASA DE SALUD EL GUANAL OCOSINGO,CSSSA018076,NULL
709010145,CENTRO DE SALUD RURAL 1 NB RAMON F. BALBOA OCOSINGO,CSSSA004064,NULL
709010146,CASA DE SALUD EL JARDIN OCOSINGO,CSSSA017463,NULL
709010147,CASA DE SALUD BENITO JUAREZ MIRAMAR OCOSINGO,CSSSA018081,NULL
709010148,CENTRO DE SALUD RURAL 1 NB SAN MARTIIN OCOSINGO,CSSSA018472,NULL
709010149,CENTRO DE SALUD RURAL 1 NB LA SOLEDAD OCOSINGO,CSSSA004216,NULL
709010150,CASA DE SALUD CANDELARIA OCOSINGO,CSSSA017451,NULL
709010151,CENTRO DE SALUD RURAL 1 NB YAXALA OCOSINGO,CSSSA018460,NULL
709010152,CASA DE SALUD EL PROGRESO OCOSINGO,CSSSA004245,NULL
709010153,CASA DE SALUD NUEVO DURANGO OCOSINGO,CSSSA004262,NULL
709010154,CENTRO DE SALUD RURAL 1 NB LOS QUINICHEZ OCOSINGO,CSSSA018496,NULL
709010155,CENTRO DE SALUD RURAL 1 NB EL IXCAN OCOSINGO,CSSSA019925,NULL
709010157,CENTRO DE SALUD RURAL 1 NB LA UNION SITALA,CSSSA019826,NULL
709040001,HOSPITAL BASICO COMUNITARIO DE OCOSINGO,CSSSA019645,NULL
709050001,UNIDAD MOVIL MORELIA ALTAMIRANO,CSSSA000202,NULL
709060001,UNIDAD MOVIL CARAVANA TIPO 0 MORELIA (VICTORICO RODULFO GRAJALES,CSSSA012295,NULL
709060002,UNIDAD MOVIL CARAVANA TIPO 0 SAN MIGUEL CHIPTIC ALTAMIRANO,CSSSA012283,NULL
709060003,UNIDAD MOVIL CARAVANA TIPO 0 EL DURAZNAL SANTA FE CHILON,CSSSA019020,NULL
709060005,UNIDAD MOVIL CARAVANA TIPO 0  JOL HICÂ´BATIL CHILON,CSSSA018361,NULL
709060006,UNIDAD MOVIL CARAVANA TIPO 3 TEMO CHILON,CSSSA018233,NULL
709060007,UNIDAD MOVIL CARAVANA TIPO 1 YA'ALTZEMEN CHILON,CSSSA017854,NULL
709060008,UNIDAD MOVIL CARAVANA TIPO 0 YOCHIBJA CHILON,CSSSA019061,NULL
709060009,UNIDAD MOVIL CARAVANA TIPO 0 SEGUNDO TZAJALCHEN CHILON,CSSSA019044,NULL
709060010,UNIDAD MOVIL CARAVANA TIPO 3 XANIL CHILON,CSSSA018221,NULL
709060011,UNIDAD MOVIL CARAVANA TIPO 0 LOQU'IB-JA CHILON,CSSSA018402,NULL
709060013,UNIDAD MOVIL CARAVANA TIPO 0 BAWITZ TUTZILTIK CHILON,CSSSA019032,NULL
709060014,UNIDAD MOVIL CARAVANA TIPO 0 JOL CATARRAYA CHILON,CSSSA018250,NULL
709060015,UNIDAD MOVIL CARAVANA TIPO 0 CHUTALILJA CHILON,CSSSA018262,NULL
709060016,UNIDAD MOVIL CARAVANA TIPO 0 UJCAYIL CHILON,CSSSA019073,NULL
709060017,UNIDAD MOVIL CARAVANA TIPO 1 BUENAVISTA TENOJIB CHILON,CSSSA018216,NULL
709060018,UNIDAD MOVIL CARAVANA TIPO 3 CENTRO JOLAKIL CHILON,CSSSA018344,NULL
709060020,UNIDAD MOVIL CARAVANA TIPO 0 LA AURORA OCOSINGO,CSSSA012370,NULL
709060022,UNIDAD MOVIL CARAVANA TIPO 0 EL PRADO OCOSINGO,CSSSA012850,NULL
709060023,UNIDAD MOVIL CARAVANA TIPO 0 EL ZAPOTAL OCOSINGO,CSSSA012382,NULL
709060024,UNIDAD MOVIL CARAVANA TIPO 0 EL CENSO OCOSINGO,CSSSA012394,NULL
709060025,UNIDAD MOVIL CARAVANA TIPO 0 LA SULTANA OCOSINGO,CSSSA012411,NULL
709060026,UNIDAD MOVIL CARAVANA TIPO 0 MACEDONIA OCOSINGO,CSSSA012423,NULL
709060027,UNIDAD MOVIL CARAVANA TIPO 0 SAN ANTONIO OCOSINGO,CSSSA012435,NULL
709060028,UNIDAD MOVIL CARAVANA DIGNIFICADA  ATOTONILCO OCOSI,CSSSA019662,NULL
709060029,UNIDAD MOVIL CARAVANA TIPO 0 SANTA LUCIA OCOSINGO,CSSSA012452,NULL
709060030,UNIDAD MOVIL CARAVANA TIPO 0 CINCO DE FEBRERO OCOSINGO,CSSSA012440,NULL
709060031,UNIDAD MOVIL CARAVANA TIPO 0 NUEVO SUSHILA OCOSINGO,CSSSA012300,NULL
709060032,UNIDAD MOVIL CARAVANA TIPO 0 NUEVO TUXTLA OCOSINGO,CSSSA012476,NULL
709060033,UNIDAD MOVIL CARAVANA TIPO 0 LA CUEVA OCOSINGO,CSSSA012464,NULL
709060035,UNIDAD MOVIL CARAVANA TIPO 0 POMILTIC SITALA,CSSSA018192,NULL
709060036,UNIDAD MOVIL CARAVANA TIPO 0 GUADALUPE MAZANIL SITALA,CSSSA018320,NULL
709060037,UNIDAD MOVIL CARAVANA TIPO 0 PARAISO CHICOTANIL SITALA,CSSSA019056,NULL
709090001,ALMACEN JURISDICCIONAL (OCOSINGO),CSSSA017411,NULL
710010010,OFICINA JURISDICCIONAL No. X (MOTOZINTLA),CSSSA017312,NULL
710010011,CENTRO DE SALUD URBANO 4 NB MOTOZINTLA DE MENDOZA MOTOZINTLA,CSSSA003726,NULL
710010021,CENTRO DE SALUD RURAL 1 NB SANTO DOMINGO LA CASCADA SILTEPEC,CSSSA005913,NULL
710010022,CASA DE SALUD GUADALUPE VICTORIA SILTEPEC,CSSSA006012,NULL
710010101,CENTRO DE SALUD RURAL 1 NB SANTA ANA PINABETO MOTOZINTLA,CSSSA003755,NULL
710010102,CENTRO DE SALUD RURAL 1 NB RINCON DEL BOSQUE MOTOZINTLA,CSSSA003760,NULL
710010103,CENTRO DE SALUD RURAL 1 NB MIGUEL ALEMAN MOTOZINTLA,CSSSA003796,NULL
710010104,CENTRO DE SALUD RURAL 1 NB FRANCISCO I. MADERO MOTOZINTLA,CSSSA003743,NULL
710010106,CENTRO DE SALUD RURAL 1 NB VILLA HERMOSA MOTOZINTLA,CSSSA012985,NULL
710010200,CENTRO DE SALUD RURAL 1 NB RIO GUERRERO AMATENANGO DE LA FRONTERA,CSSSA000371,NULL
710010201,CASA DE SALUD AGUACATILLO AMATENANGO DE LA FRONTERA,CSSSA000301,NULL
710010203,CENTRO DE SALUD RURAL 1 NB FRANCISCO I. MADERO AMATENANGO DE LA FRA,CSSSA000325,NULL
710010205,CENTRO DE SALUD RURAL 1 NB NUEVA MORELIA AMATENANGO DE LA FRONTERA,CSSSA019230,NULL
710010208,CENTRO DE SALUD RURAL 2 NB PACAYAL FRONTERA AMATENANGO DE LA FRONTERA,CSSSA000354,NULL
710010300,CENTRO DE SALUD RURAL 1 NB BELLAVISTA,CSSSA000581,NULL
710010301,CENTRO DE SALUD RURAL 1 NB LAS CHICHARRAS BELLA VISTA,CSSSA000634,NULL
710010302,CASA DE SALUD OJO DE AGUA LAS CRUCES AMATENANGO DE LA FRA,CSSSA000342,NULL
710010303,CENTRO DE SALUD RURAL 1 NB OJO DE AGUA CARDENAS BELLA VISTA,CSSSA000646,NULL
710010304,CENTRO DE SALUD RURAL 1 NB NUEVO PACAYAL BELLA VISTA,CSSSA000610,NULL
710010305,CENTRO DE SALUD RURAL 1 NB SAN JOSE CHICHARRAS BELLA VISTA,CSSSA000622,NULL
710010306,CASA DE SALUD LAS NUBES BELLA VISTA,CSSSA000605,NULL
710010307,UNIDAD MOVIL CHEMIC BELLA VISTA,CSSSA000593,NULL
710010401,CENTRO DE SALUD RURAL 1 NB OJO DE AGUA CENTRO BEJUCAL DE OCAMPO,CSSSA000576,NULL
710010402,CASA DE SALUD EL CERCADILLO BEJUCAL DE OCAMPO,CSSSA000564,NULL
710010500,CASA DE SALUD LA PINADA LA GRANDEZA,CSSSA002425,NULL
710010600,CENTRO DE SALUD RURAL 1 NB MAZAPA DE MADERO,CSSSA003603,NULL
710010601,CENTRO DE SALUD RURAL 1 NB GRANADOS TALCANAQUE MAZAPA DE MADERO,CSSSA003615,NULL
710010701,CENTRO DE SALUD RURAL 1 NB ZAPOTILLO EL PORVENIR,CSSSA005254,NULL
710010801,CASA DE SALUD HONDURAS SILTEPEC,CSSSA005930,NULL
710010802,CASA DE SALUD EL PARAISO SILTEPEC,CSSSA006070,NULL
710010804,CASA DE SALUD VILLA FLORES SILTEPEC,CSSSA006000,NULL
710010806,CENTRO DE SALUD RURAL 1 NB SAN ANTONIO LA PINADA SILTEPEC,CSSSA005966,NULL
710010807,CENTRO DE SALUD RURAL 1 NB SANTA MARIA SILTEPEC,CSSSA005983,NULL
710010808,CASA DE SALUD CHIQUISBIL AMATENANGO DE LA FRONTERA,CSSSA000313,NULL
710010809,CENTRO DE SALUD RURAL 1 NB POTRERILLO AMATENANGO DE LA FRONTERA,CSSSA012970,NULL
710010810,CASA DE SALUD 20 DE NOVIEMBRE AMATENANGO DE LA FRONTERA,CSSSA000383,NULL
710010811,CASA DE SALUD PALESTINA AMATENANGO DE LA FRONTERA,CSSSA000395,NULL
710010812,CASA DE SALUD LIBERTAD FRONTERA MAZAPA DE MADERO,CSSSA003620,NULL
710010813,CENTROS DE SALUD CON SERVICIOS AMPL BELISARIO DOMINGUEZ MOTOZINTLA,CSSSA018583,NULL
710010814,CASA DE SALUD VICENTE GUERRERO MOTOZINTLA,CSSSA003772,NULL
710010816,CASA DE SALUD RINCON BUENAVISTA MOTOZINTLA,CSSSA003801,NULL
710010817,CASA DE SALUD EL MIRADOR MOTOZINTLA,CSSSA019995,NULL
710010818,CASA DE SALUD LLANO GRANDE MOTOZINTLA,CSSSA003813,NULL
710010819,CASA DE SALUD LA VERBENA MOTOZINTLA,CSSSA003825,NULL
710010820,CASA DE SALUD EL HORIZONTE MOTOZINTLA,CSSSA003830,NULL
710010821,CASA DE SALUD CRUZ DE PIEDRA SILTEPEC,CSSSA005925,NULL
710010822,CENTRO DE SALUD RURAL 1 NB EL LETRERO SILTEPEC,CSSSA005942,NULL
710010823,CASA DE SALUD SAN LUCAS SILTEPEC,CSSSA005971,NULL
710010824,CASA DE SALUD VEGA DEL ROSARIO SILTEPEC,CSSSA005995,NULL
710010825,CASA DE SALUD LA SOLEDAD SILTEPEC,CSSSA006036,NULL
710010826,CASA DE SALUD VILLA HERMOSA SILTEPEC,CSSSA006041,NULL
710010827,CASA DE SALUD LA LAGUNA SILTEPEC,CSSSA006053,NULL
710010828,CASA DE SALUD SAN FRANCISCO SILTEPEC,CSSSA006065,NULL
710010829,CASA DE SALUD LOS CIPRESES SILTEPEC,CSSSA006082,NULL
710020800,CENTRO DE SALUD CON HOSPITALIZACION SILTEPEC,CSSSA005901,NULL
710040001,HOSPITAL BASICO COMUNITARIO DEL PORVENIR,CSSSA017504,NULL
710050002,UNIDAD MOVIL CABAÑAS MOTOZINTLA,CSSSA003731,NULL
710050003,UNIDAD MOVIL EL MATAZANOS SILTEPEC,CSSSA005954,NULL
710050004,UNIDAD MOVIL NUEVA ARGENTINA SILTEPEC,CSSSA006024,NULL
710070001,CENTRO JURISDICCIONAL DE VACUNOLOGIA Y CAPACITACION PARA LA SALUD DEL NIÑO,CSSSA012865,
